Date,universe_size,up4,down4,ratio5,ratio10,q_up25,q_dn25,m_up25,m_dn25,m_up50,m_dn50,d34_up13,d34_dn13,t2108,asx200,asx200_chg_pct,asx200_etf,asx200_etf_chg_pct
2025-01-06,348,8,16,1.391,1.336,37,20,7,3,3,0,41,33,45.821,8288.5,0.461,74.07,0.014
2025-01-07,350,18,6,1.542,1.964,44,18,4,3,2,0,43,26,51.003,8285.1,-0.041,74.33,0.351
2025-01-08,344,19,12,1.64,2.154,39,14,7,3,2,0,40,32,49.563,8349.1,0.772,74.91,0.78
2025-01-09,341,8,21,1.175,1.62,33,20,5,3,3,0,26,33,44.118,8329.2,-0.238,74.71,-0.267
2025-01-10,338,15,4,1.153,1.744,38,20,7,4,3,0,30,32,44.51,8294.1,-0.421,74.42,-0.388
2025-01-13,338,5,33,0.855,1.057,28,20,6,4,2,0,28,35,32.938,8191.9,-1.232,73.51,-1.223
2025-01-14,337,13,9,0.759,1.055,26,20,5,4,2,0,24,29,37.91,8231.0,0.477,73.83,0.435
2025-01-15,340,16,5,0.792,1.139,24,19,5,3,2,0,21,38,40.237,8213.3,-0.215,73.76,-0.095
2025-01-16,339,23,2,1.358,1.259,26,19,5,4,1,0,27,27,49.555,8327.0,1.384,74.71,1.288
2025-01-17,341,20,1,1.54,1.33,26,17,9,3,3,0,26,26,53.687,8310.4,-0.199,74.58,-0.174
2025-01-20,341,12,11,3.0,1.433,28,16,8,2,1,0,22,27,55.752,8402.0,1.102,74.92,0.456
2025-01-21,340,17,8,3.259,1.396,27,14,10,4,1,0,19,28,61.538,8420.3,0.218,75.42,0.667
2025-01-22,339,26,8,3.267,1.52,25,13,13,2,2,0,31,26,63.018,8429.8,0.113,75.69,0.358
2025-01-23,341,8,11,2.128,1.685,27,17,14,3,2,0,29,26,55.294,8378.7,-0.606,75.19,-0.661
2025-01-24,340,12,14,1.442,1.49,26,15,10,2,2,0,30,27,56.932,8408.9,0.36,75.5,0.412
2025-01-28,340,7,40,0.864,1.413,22,17,6,4,2,0,21,33,57.817,8399.1,-0.117,75.37,-0.172
2025-01-29,349,34,6,1.101,1.651,32,19,9,6,3,0,28,28,67.241,8447.0,0.57,75.81,0.584
2025-01-30,349,10,17,0.807,1.432,34,17,11,6,3,0,34,31,67.816,8550.1,1.221,76.26,0.594
2025-01-31,353,30,5,1.134,1.455,39,16,16,6,3,0,39,25,71.307,8532.3,-0.208,76.66,0.525
2025-02-03,353,2,57,0.664,0.893,31,20,11,7,2,0,30,29,57.102,8379.4,-1.792,75.2,-1.905
2025-02-04,353,21,5,1.078,0.977,31,16,10,7,1,0,30,28,56.534,8374.0,-0.064,75.16,-0.053
2025-02-05,352,24,6,0.967,1.03,33,14,15,7,0,0,38,25,62.108,8416.9,0.512,75.56,0.532
2025-02-06,353,16,6,1.177,0.982,39,14,12,8,1,0,56,20,68.182,8520.7,1.233,76.44,1.165
2025-02-07,352,18,11,0.953,1.042,43,12,9,8,1,0,58,19,67.236,8511.4,-0.109,76.4,-0.052
2025-02-10,353,14,13,2.268,1.06,39,13,10,5,1,0,57,19,66.193,8482.8,-0.336,76.1,-0.393
2025-02-11,352,19,17,1.717,1.315,41,13,10,5,1,0,69,16,68.091,8484.0,0.014,76.16,0.079
2025-02-12,354,14,15,1.306,1.105,41,15,15,2,1,0,79,19,66.667,8535.3,0.605,76.57,0.538
2025-02-13,357,20,17,1.164,1.171,34,13,14,3,1,0,70,19,64.706,8540.0,0.055,76.71,0.183
2025-02-14,360,22,10,1.236,1.083,35,14,18,3,1,0,69,22,68.245,8555.8,0.185,76.82,0.143
2025-02-17,362,26,13,1.403,1.717,40,16,19,3,1,0,68,29,68.698,8505.8,-0.584,76.65,-0.221
2025-02-18,362,14,19,1.297,1.472,37,17,15,4,1,1,73,32,67.036,8481.0,-0.292,76.21,-0.574
2025-02-19,366,22,23,1.268,1.285,41,17,18,4,1,1,89,33,62.74,8419.2,-0.729,75.73,-0.63
2025-02-20,367,28,24,1.258,1.216,42,16,16,4,1,1,77,36,58.197,8322.8,-1.145,74.82,-1.202
2025-02-21,366,16,22,1.05,1.127,48,14,18,7,2,0,72,40,56.438,8296.2,-0.32,74.71,-0.147
2025-02-24,368,20,36,0.806,1.026,42,17,13,12,2,1,76,51,54.768,8308.2,0.145,74.77,0.08
2025-02-25,366,13,39,0.688,0.894,44,23,14,14,3,1,66,55,50.959,8251.9,-0.678,74.35,-0.562
2025-02-26,367,24,31,0.664,0.876,40,23,15,10,3,0,66,61,49.18,8240.7,-0.136,74.35,0.0
2025-02-27,368,45,11,0.849,1.009,43,18,17,12,3,1,76,53,52.316,8268.2,0.334,74.55,0.269
2025-02-28,367,8,52,0.651,0.8,39,27,15,17,3,1,69,62,45.628,8172.4,-1.159,73.9,-0.872
2025-03-03,368,23,6,0.813,0.81,38,26,17,16,2,1,83,48,50.409,8245.7,0.897,74.37,0.636
2025-03-04,366,3,48,0.696,0.692,35,33,15,18,2,1,72,55,42.74,8198.1,-0.577,73.94,-0.578
2025-03-05,370,23,22,0.734,0.698,34,36,14,17,2,1,64,61,39.295,8141.1,-0.695,73.41,-0.717
2025-03-06,369,28,8,0.625,0.738,37,33,13,20,2,2,65,62,40.489,8094.7,-0.57,73.34,-0.095
2025-03-07,370,5,26,0.745,0.688,34,35,13,24,2,2,56,74,34.146,7948.2,-1.81,72.04,-1.773
2025-03-10,371,16,6,0.682,0.755,34,38,11,23,2,2,57,74,34.324,7962.3,0.177,72.18,0.194
2025-03-11,372,2,67,0.574,0.639,24,49,8,30,0,2,42,92,27.224,7890.1,-0.907,71.55,-0.873
2025-03-12,374,16,17,0.54,0.643,21,48,6,24,0,2,37,105,23.592,7786.2,-1.317,70.66,-1.244
2025-03-13,373,26,12,0.508,0.568,24,46,8,24,1,1,43,99,23.925,7749.1,-0.476,70.36,-0.425
2025-03-14,373,35,4,0.896,0.819,30,36,8,22,1,2,48,93,28.418,7789.7,0.524,70.69,0.469
2025-03-17,374,25,7,0.972,0.825,30,33,8,19,1,1,57,85,31.283,7854.1,0.827,71.23,0.764
2025-03-18,372,19,5,2.689,1.121,32,31,5,18,1,1,51,91,33.871,7860.4,0.08,71.37,0.197
2025-03-19,368,15,18,2.609,1.1,27,29,6,22,1,1,49,94,32.609,7828.3,-0.408,71.0,-0.518
2025-03-20,367,34,10,2.909,1.122,33,27,7,18,2,1,51,91,37.057,7918.9,1.157,71.89,1.254
2025-03-21,367,13,15,1.927,1.248,38,24,6,18,2,1,60,65,39.782,7931.2,0.155,72.0,0.153
2025-03-24,367,10,25,1.247,1.083,36,28,5,18,0,1,51,80,37.602,7936.9,0.072,72.06,0.083
2025-03-25,364,18,8,1.184,1.744,36,25,5,15,1,1,48,82,37.363,7942.5,0.071,72.06,0.0
2025-03-26,364,25,9,1.493,1.947,40,24,9,7,1,1,44,86,42.582,7999.0,0.711,72.6,0.749
2025-03-27,361,10,30,0.874,1.557,42,23,9,8,1,0,45,84,42.105,7969.0,-0.375,72.39,-0.289
2025-03-28,359,16,11,0.952,1.341,40,26,9,7,0,0,46,85,42.897,7982.0,0.163,71.81,-0.801
2025-03-31,360,11,60,0.678,0.895,36,33,9,8,0,0,35,102,33.333,7843.4,-1.736,70.66,-1.601
2025-04-01,358,8,21,0.534,0.773,34,39,7,10,0,0,37,99,34.358,7925.2,1.043,71.41,1.061
2025-04-02,359,12,17,0.41,0.762,32,41,6,9,0,0,35,99,35.097,7934.5,0.117,71.49,0.112
2025-04-03,360,3,51,0.312,0.51,32,44,5,9,0,0,33,118,32.778,7859.7,-0.943,70.83,-0.923
2025-04-04,360,3,144,0.126,0.309,24,59,3,19,0,0,26,152,23.056,7667.8,-2.442,69.08,-2.471
2025-04-07,356,2,185,0.067,0.201,18,75,1,32,0,0,15,176,12.36,7343.3,-4.232,66.22,-4.14
2025-04-08,359,106,2,0.316,0.37,22,62,4,20,0,0,19,150,17.827,7510.0,2.27,67.7,2.235
2025-04-09,359,5,104,0.245,0.282,21,74,4,26,0,0,16,162,13.37,7375.0,-1.798,66.43,-1.876
2025-04-10,362,218,2,0.764,0.643,28,51,8,11,0,0,21,124,30.11,7709.6,4.537,69.5,4.621
2025-04-11,363,24,24,1.12,0.643,23,55,7,15,0,0,26,129,26.997,7646.5,-0.818,68.92,-0.835
2025-04-14,365,42,5,2.883,0.762,28,53,6,15,1,1,29,106,30.959,7748.6,1.335,69.83,1.32
2025-04-15,367,21,12,2.109,0.799,33,50,6,19,1,1,33,102,33.515,7761.7,0.169,70.02,0.272
2025-04-16,364,16,27,4.586,0.791,35,54,7,22,0,1,29,118,35.165,7758.9,-0.036,69.95,-0.1
2025-04-17,366,29,10,1.692,0.905,35,53,12,22,0,1,33,99,36.612,7819.1,0.776,70.49,0.772
2025-04-22,366,19,36,1.411,1.184,37,59,12,31,0,1,34,119,33.333,7816.7,-0.031,70.46,-0.043
2025-04-23,364,88,27,1.545,2.281,29,53,5,18,0,0,35,82,44.231,7920.5,1.328,71.4,1.334
2025-04-24,363,38,4,1.827,1.992,33,45,6,8,1,0,34,70,48.76,7968.2,0.602,71.88,0.672
2025-04-28,362,13,15,2.033,3.136,33,42,7,10,1,0,35,64,54.42,7997.1,0.363,72.13,0.348
2025-04-29,360,58,4,2.512,2.122,34,38,8,6,0,0,45,43,63.889,8070.6,0.919,72.73,0.832
2025-04-30,360,14,12,3.403,2.224,34,40,7,6,0,0,44,47,67.222,8126.2,0.689,73.2,0.646
2025-05-01,359,22,14,2.959,1.975,37,36,7,5,1,0,66,35,70.474,8145.6,0.239,73.42,0.301
2025-05-02,359,27,5,2.68,2.104,42,30,9,2,1,0,74,28,72.981,8238.0,1.134,74.29,1.185
2025-05-05,362,11,22,2.316,2.141,37,33,10,2,2,0,74,33,69.337,8157.8,-0.974,73.57,-0.969
2025-05-06,362,31,10,1.667,2.154,43,38,11,2,2,0,77,35,72.376,8151.4,-0.078,73.48,-0.122
2025-05-07,358,41,9,2.2,2.811,40,31,17,2,2,0,79,35,74.302,8178.3,0.33,73.77,0.395
2025-05-08,355,33,6,2.75,2.851,48,23,41,0,4,0,83,37,78.028,8191.7,0.164,73.97,0.271
2025-05-09,357,19,16,2.143,2.381,46,23,77,0,14,0,87,36,78.992,8231.2,0.482,74.3,0.446
2025-05-12,360,19,18,2.424,2.371,40,25,58,1,11,0,74,40,79.444,8233.5,0.028,74.37,0.094
2025-05-13,360,43,26,2.067,1.884,39,24,82,0,17,0,70,31,82.5,8269.0,0.431,74.79,0.565
2025-05-14,356,14,14,1.6,1.857,37,23,43,1,8,0,79,28,80.618,8279.6,0.128,74.86,0.094
2025-05-15,357,10,19,1.129,1.71,35,24,42,3,6,0,70,31,79.832,8297.5,0.216,75.01,0.2
2025-05-16,360,24,7,1.31,1.667,43,26,37,1,6,0,71,29,83.611,8343.7,0.557,75.44,0.573
2025-05-19,363,10,37,0.981,1.506,39,25,35,4,4,0,71,33,76.86,8295.1,-0.582,75.09,-0.464
2025-05-20,361,17,13,0.833,1.394,37,21,42,1,4,0,70,31,78.393,8343.3,0.581,75.62,0.706
2025-05-21,357,29,24,0.9,1.211,39,30,26,4,4,0,92,24,77.031,8386.8,0.521,75.88,0.344
2025-05-22,360,14,17,0.959,1.042,38,32,35,5,3,0,85,23,77.222,8348.7,-0.454,75.52,-0.474
2025-05-23,357,23,5,0.969,1.128,38,32,30,5,5,0,94,21,78.992,8360.9,0.146,75.64,0.159
2025-05-26,360,23,8,1.582,1.218,40,31,28,6,4,0,108,21,76.667,8361.0,0.001,75.66,0.026
2025-05-27,363,15,10,1.625,1.162,41,30,28,6,6,0,143,15,77.135,8407.6,0.557,76.09,0.568
2025-05-28,365,10,16,1.518,1.122,42,28,22,7,4,0,199,10,76.438,8396.9,-0.127,75.97,-0.158
2025-05-29,366,19,8,1.915,1.269,40,28,19,6,7,0,166,12,76.776,8409.8,0.154,76.07,0.132
2025-05-30,363,22,11,1.679,1.221,41,24,19,5,6,0,201,12,75.482,8434.7,0.296,76.3,0.302
2025-06-02,365,13,30,1.053,1.303,46,21,20,8,5,0,143,20,72.329,8414.1,-0.244,76.12,-0.236
2025-06-03,366,22,17,1.049,1.301,45,24,24,6,4,1,151,18,73.224,8466.7,0.625,76.63,0.67
2025-06-04,366,48,5,1.746,1.646,50,19,23,8,5,1,150,21,77.049,8541.8,0.887,77.29,0.861
2025-06-05,368,20,13,1.645,1.748,47,22,22,8,5,1,149,19,76.359,8538.9,-0.034,77.24,-0.065
2025-06-06,365,14,15,1.462,1.549,49,18,15,9,4,1,145,20,72.603,8515.7,-0.272,77.06,-0.233
2025-06-10,365,27,11,2.148,1.544,51,14,15,8,4,1,139,21,72.329,8587.2,0.84,77.69,0.818
2025-06-11,366,16,20,1.953,1.445,44,15,16,8,6,1,153,21,71.038,8592.1,0.057,77.73,0.051
2025-06-12,367,20,7,1.47,1.613,55,16,21,6,6,1,133,19,70.845,8565.1,-0.314,77.49,-0.309
2025-06-13,368,20,29,1.183,1.405,59,19,19,7,7,1,116,22,66.304,8547.4,-0.207,77.35,-0.181
2025-06-16,367,22,18,1.235,1.345,69,16,21,8,6,1,117,20,64.305,8548.4,0.012,77.34,-0.013
2025-06-17,367,22,4,1.282,1.662,75,12,23,9,6,1,102,22,66.485,8541.3,-0.083,77.26,-0.103
2025-06-18,368,10,22,1.175,1.521,67,16,27,9,5,1,97,26,61.685,8531.2,-0.118,77.21,-0.065
2025-06-19,367,8,24,0.845,1.098,57,20,23,9,5,1,91,32,54.768,8523.7,-0.088,77.18,-0.039
2025-06-20,366,8,12,0.875,1.031,51,24,19,6,6,1,80,41,54.098,8505.5,-0.214,76.95,-0.298
2025-06-23,371,10,20,0.707,0.976,51,25,17,4,5,1,79,42,50.943,8474.9,-0.36,76.7,-0.325
2025-06-24,372,45,7,0.953,1.11,58,17,14,3,6,1,87,32,54.301,8555.5,0.951,77.43,0.952
2025-06-25,371,25,14,1.247,1.21,52,22,13,3,6,1,84,34,55.256,8559.2,0.043,77.4,-0.039
2025-06-26,370,24,8,1.836,1.228,51,19,12,2,6,1,78,35,55.135,8550.8,-0.098,77.37,-0.039
2025-06-27,372,30,3,2.577,1.545,53,18,14,3,7,1,80,36,57.258,8514.2,-0.428,76.53,-1.086
2025-06-30,371,12,13,3.022,1.528,54,16,16,3,7,1,72,30,60.377,8542.3,0.33,76.74,0.274
2025-07-01,371,27,13,2.314,1.463,55,17,15,4,7,0,68,31,60.916,8541.1,-0.014,76.73,-0.013
2025-07-02,373,12,16,1.981,1.546,59,19,18,2,7,0,64,32,63.003,8597.7,0.663,77.23,0.652
2025-07-03,373,30,4,2.265,2.027,56,18,21,2,6,0,76,30,64.611,8595.8,-0.022,77.2,-0.039
2025-07-04,375,18,6,1.904,2.24,64,16,19,1,4,0,71,29,67.467,8603.0,0.084,77.3,0.13
2025-07-07,375,10,23,1.565,2.178,64,14,16,1,4,0,76,23,65.067,8589.3,-0.159,77.16,-0.181
2025-07-08,376,22,8,1.614,1.944,71,14,14,1,4,0,71,25,66.755,8590.7,0.016,77.15,-0.013
2025-07-09,376,14,35,1.237,1.543,77,15,15,3,4,0,72,25,63.83,8538.6,-0.606,76.73,-0.544
2025-07-10,373,16,10,0.976,1.458,105,13,11,2,2,0,79,23,66.488,8589.2,0.593,77.16,0.56
2025-07-11,372,18,11,0.92,1.288,140,8,13,4,3,0,76,24,63.978,8580.1,-0.106,77.09,-0.091
2025-07-14,374,28,10,1.324,1.434,121,10,18,6,3,0,77,27,63.271,8570.4,-0.113,77.01,-0.104
2025-07-15,374,27,9,1.373,1.477,155,10,22,3,4,0,86,23,67.292,8630.3,0.699,77.56,0.714
2025-07-16,377,19,8,2.25,1.629,119,14,18,3,8,0,78,24,65.691,8561.8,-0.794,76.89,-0.864
2025-07-17,377,16,11,2.204,1.435,122,13,24,3,8,0,85,23,69.947,8639.0,0.902,77.59,0.91
2025-07-18,378,24,6,2.591,1.481,120,10,37,2,8,0,95,24,73.81,8757.2,1.368,78.68,1.405
2025-07-21,376,20,14,2.208,1.672,123,11,38,5,11,0,105,30,69.251,8668.2,-1.016,77.87,-1.029
2025-07-22,375,29,14,2.038,1.648,126,10,38,1,11,0,104,24,70.968,8677.2,0.104,77.93,0.077
2025-07-23,380,21,9,2.037,2.137,126,11,37,1,11,0,92,24,73.21,8737.2,0.691,78.49,0.719
2025-07-24,378,25,11,2.204,2.204,131,10,39,3,11,0,96,24,70.213,8709.4,-0.318,78.24,-0.319
2025-07-25,376,11,22,1.514,1.93,120,9,30,3,7,0,99,24,68.901,8666.9,-0.488,77.87,-0.473
2025-07-28,376,11,21,1.26,1.624,106,12,25,4,5,1,99,23,68.633,8697.7,0.355,78.15,0.36
2025-07-29,377,9,21,0.917,1.35,106,11,24,4,6,1,88,27,67.112,8704.6,0.079,78.2,0.064
2025-07-30,377,21,11,0.895,1.336,94,13,23,2,6,1,94,26,72.654,8756.4,0.595,78.66,0.588
2025-07-31,375,7,37,0.527,1.072,86,14,18,3,5,1,90,27,68.733,8742.8,-0.155,78.53,-0.165
2025-08-01,374,7,16,0.519,0.915,83,16,13,4,4,1,79,30,63.073,8662.0,-0.924,77.83,-0.891
2025-08-04,373,17,6,0.67,0.94,81,17,16,3,3,1,75,28,60.811,8663.7,0.02,77.82,-0.013
2025-08-05,375,33,5,1.133,1.019,92,14,24,3,9,1,96,25,69.624,8770.4,1.232,78.84,1.311
2025-08-06,374,37,5,1.464,1.148,92,13,24,3,10,1,122,21,75.202,8843.7,0.836,79.45,0.774
2025-08-07,377,22,7,2.974,1.159,86,15,26,2,7,1,129,19,76.203,8831.4,-0.139,79.33,-0.151
2025-08-08,377,21,13,3.611,1.303,78,14,32,2,10,0,133,15,75.401,8807.1,-0.275,79.12,-0.265
2025-08-11,379,30,11,3.488,1.545,77,15,27,3,7,0,125,21,76.596,8844.8,0.428,79.5,0.48
2025-08-12,377,19,14,2.58,1.712,80,16,25,3,6,1,116,23,75.401,8880.8,0.407,79.79,0.365
2025-08-13,378,25,12,2.053,1.73,71,17,24,3,6,1,127,23,74.667,8827.1,-0.605,79.34,-0.564
2025-08-14,386,28,12,1.984,2.366,72,11,29,4,7,1,120,22,75.654,8873.8,0.529,79.73,0.492
2025-08-15,391,27,11,2.15,2.698,86,11,29,2,8,1,121,18,79.587,8938.6,0.73,80.35,0.778
2025-08-18,394,20,19,1.75,2.404,87,13,30,3,9,1,127,18,79.847,8959.3,0.232,80.51,0.199
2025-08-19,393,14,19,1.562,1.976,93,11,24,2,7,1,124,21,77.296,8896.2,-0.704,80.05,-0.571
2025-08-20,386,14,51,0.92,1.302,82,13,26,5,7,1,108,23,70.649,8918.0,0.245,80.39,0.425
2025-08-21,387,47,12,1.089,1.408,90,10,28,4,7,1,119,24,73.575,9019.1,1.134,81.25,1.07
2025-08-22,391,24,26,0.937,1.326,98,13,28,4,8,1,121,23,71.795,8967.4,-0.573,80.83,-0.517
2025-08-25,391,64,11,1.37,1.508,99,12,37,3,11,0,130,20,77.949,8972.4,0.056,80.89,0.074
2025-08-26,393,35,27,1.449,1.49,105,11,36,2,12,0,138,19,74.745,8935.6,-0.41,80.53,-0.445
2025-08-27,394,41,16,2.293,1.539,117,13,46,3,12,0,146,21,77.411,8960.5,0.279,80.79,0.323
2025-08-28,396,20,38,1.559,1.33,107,12,43,4,11,0,140,22,72.98,8980.0,0.218,81.04,0.309
2025-08-29,399,39,15,1.86,1.359,117,13,57,4,13,0,150,23,75.188,8973.1,-0.077,80.98,-0.074
2025-09-01,401,48,21,1.564,1.466,113,12,57,5,15,0,144,24,71.571,8927.7,-0.506,80.56,-0.519
2025-09-02,402,18,15,1.581,1.509,119,11,59,4,15,0,144,23,71.393,8900.6,-0.304,80.37,-0.236
2025-09-03,401,15,18,1.308,1.764,112,13,46,4,13,0,132,32,63.092,8738.8,-1.818,79.0,-1.705
2025-09-04,402,26,16,1.718,1.626,102,14,38,7,11,0,123,38,66.085,8826.5,1.004,79.97,1.228
2025-09-05,403,31,7,1.792,1.832,110,11,45,8,9,0,146,33,68.159,8871.2,0.506,80.4,0.538
2025-09-08,405,33,11,1.836,1.663,115,11,46,6,10,0,142,34,67.822,8849.6,-0.243,80.22,-0.224
2025-09-09,406,17,17,1.768,1.655,119,13,44,6,7,0,138,42,65.926,8803.5,-0.521,79.79,-0.536
2025-09-10,405,11,25,1.553,1.41,111,11,38,7,6,0,128,45,62.871,8830.4,0.306,80.06,0.338
2025-09-11,406,25,16,1.539,1.634,111,12,39,9,7,0,135,41,62.222,8805.0,-0.288,79.84,-0.275
2025-09-12,410,38,7,1.632,1.712,119,11,49,7,9,0,147,36,64.059,8864.9,0.68,80.43,0.739
2025-09-15,409,35,16,1.556,1.682,119,9,40,8,7,0,150,36,63.235,8853.0,-0.134,80.32,-0.137
2025-09-16,413,47,7,2.197,1.986,123,9,48,7,10,0,153,31,67.233,8877.7,0.279,80.55,0.286
2025-09-17,412,22,17,2.651,2.05,124,10,47,9,10,0,158,24,65.45,8818.5,-0.667,79.92,-0.782
2025-09-18,413,20,22,2.348,1.924,134,11,56,5,16,0,162,21,64.806,8745.2,-0.831,79.37,-0.688
2025-09-19,414,30,13,2.053,1.841,141,11,52,6,15,0,167,23,65.375,8773.5,0.324,79.56,0.239
2025-09-22,419,55,15,2.351,1.935,154,11,64,2,18,0,157,28,63.636,8810.9,0.426,79.9,0.427
2025-09-23,418,40,6,2.288,2.243,147,11,56,2,19,0,149,32,65.947,8845.9,0.397,80.23,0.413
2025-09-24,419,22,15,2.352,2.493,139,11,55,2,21,0,145,37,61.962,8764.5,-0.92,79.51,-0.897
2025-09-25,414,23,21,2.429,2.388,138,13,43,0,15,0,149,32,61.501,8773.0,0.097,79.6,0.113
2025-09-26,412,27,7,2.609,2.309,128,12,50,0,22,0,142,33,59.124,8787.7,0.168,79.71,0.138
2025-09-29,417,38,7,2.679,2.492,128,12,61,0,25,0,149,30,58.654,8862.8,0.855,79.59,-0.151
2025-09-30,416,22,9,2.237,2.265,127,11,43,0,18,0,146,33,59.277,8848.8,-0.158,79.38,-0.264
2025-10-01,417,34,23,2.149,2.254,132,11,45,1,20,0,145,35,59.615,8845.7,-0.035,79.4,0.025
2025-10-02,418,58,16,2.887,2.644,136,11,57,0,21,0,150,36,65.55,8945.9,1.133,80.45,1.322
2025-10-03,423,35,9,2.922,2.766,143,8,63,0,29,0,156,31,65.248,8987.4,0.464,80.78,0.41
2025-10-06,427,27,17,2.378,2.508,149,8,61,0,25,0,157,30,62.295,8981.4,-0.067,80.58,-0.248
2025-10-07,430,30,21,2.14,2.179,148,10,63,0,24,0,169,29,61.86,8956.8,-0.274,80.39,-0.236
2025-10-08,432,29,9,2.486,2.324,157,9,62,0,24,0,160,33,60.789,8947.6,-0.103,80.27,-0.149
2025-10-09,432,41,13,2.348,2.603,157,10,79,1,25,0,168,28,61.949,8969.8,0.248,80.54,0.336
2025-10-10,438,21,43,1.437,2.006,160,10,74,1,26,0,158,32,63.844,8958.3,-0.128,80.38,-0.199
2025-10-13,437,27,49,1.096,1.55,155,12,60,2,29,0,148,37,57.11,8882.8,-0.843,79.8,-0.722
2025-10-14,437,67,14,1.445,1.724,163,13,69,2,32,0,147,28,58.486,8899.4,0.187,79.93,0.163
2025-10-15,440,54,19,1.522,1.852,161,10,70,1,28,0,151,23,61.416,8990.9,1.028,80.72,0.988
2025-10-16,442,44,27,1.401,1.697,165,12,78,2,31,0,153,24,65.227,9068.4,0.862,81.4,0.842
2025-10-17,436,11,83,1.057,1.19,143,15,66,4,20,0,133,28,60.138,8995.3,-0.806,80.74,-0.811
2025-10-20,435,21,58,0.98,1.027,138,14,48,3,17,0,134,26,58.525,9031.9,0.407,81.05,0.384
2025-10-21,437,41,19,0.83,1.066,149,13,43,4,16,0,152,19,61.239,9094.7,0.695,81.65,0.74
2025-10-22,430,11,93,0.457,0.809,134,13,29,4,16,0,127,21,57.343,9030.0,-0.711,81.11,-0.661
2025-10-23,436,36,15,0.448,0.793,136,13,31,3,13,0,125,24,59.77,9032.8,0.031,81.14,0.037
2025-10-24,435,34,14,0.719,0.885,140,11,31,2,15,0,122,24,61.521,9019.0,-0.153,,
2025-10-27,428,21,35,0.812,0.902,133,9,29,3,15,0,114,25,59.953,9055.6,0.406,81.32,
2025-10-28,420,13,74,0.498,0.654,123,10,22,8,11,0,105,26,54.415,9012.5,-0.476,81.03,-0.357
2025-10-29,423,41,14,0.954,0.632,133,10,25,7,11,0,107,25,54.028,8926.2,-0.958,80.18,-1.049
2025-10-30,425,28,29,0.825,0.592,135,10,28,12,10,0,99,30,47.17,8885.5,-0.456,79.86,-0.399
2025-10-31,430,49,17,0.899,0.802,141,10,28,10,11,0,101,29,47.897,8881.9,-0.041,79.81,-0.063
2025-11-03,425,23,33,0.922,0.866,128,10,24,12,9,0,85,33,47.281,8894.8,0.145,79.86,0.063
2025-11-04,427,19,30,1.301,0.777,120,10,24,15,5,0,91,33,40.941,8813.7,-0.912,79.8,-0.075
2025-11-05,420,5,60,0.734,0.838,102,16,14,23,3,0,70,45,34.689,8802.0,-0.133,79.16,-0.802
2025-11-06,420,30,23,0.773,0.799,102,16,14,19,7,0,75,46,40.431,8831.8,0.339,79.38,0.278
2025-11-07,417,9,48,0.443,0.656,95,18,12,27,4,1,61,55,36.538,8769.7,-0.703,78.82,-0.705
2025-11-10,422,85,7,0.881,0.901,106,17,15,19,4,0,67,44,41.19,8830.9,0.698,79.41,0.749
2025-11-11,421,32,9,1.095,1.189,112,16,17,16,3,0,73,48,46.905,8818.8,-0.137,79.35,-0.076
2025-11-12,423,25,16,1.757,1.121,107,16,13,24,3,0,77,47,49.052,8799.5,-0.219,79.2,-0.189
2025-11-13,421,30,33,1.602,1.112,106,22,11,25,2,1,82,62,42.993,8753.4,-0.524,78.81,-0.492
2025-11-14,415,6,55,1.483,0.841,93,26,11,34,2,3,65,75,37.108,8634.5,-1.358,77.86,-1.205
2025-11-17,414,31,14,0.976,0.922,95,22,16,16,3,1,64,69,39.614,8636.4,0.022,77.88,0.026
2025-11-18,409,6,106,0.438,0.698,79,26,12,26,1,1,47,89,31.296,8469.1,-1.937,76.41,-1.888
2025-11-19,411,30,16,0.46,0.869,90,21,15,23,1,1,46,99,30.414,8447.9,-0.25,76.13,-0.366
2025-11-20,414,62,7,0.682,1.016,93,19,18,16,3,1,51,99,35.749,8552.7,1.241,77.14,1.327
2025-11-21,409,10,92,0.591,0.893,73,20,13,20,2,1,42,112,26.65,8416.5,-1.592,75.88,-1.633
2025-11-24,410,49,9,0.683,0.787,70,24,12,20,2,2,44,100,33.171,8525.1,1.29,76.78,1.186
2025-11-25,409,67,10,1.627,0.883,75,19,10,14,1,2,46,95,37.653,8537.0,0.14,77.01,0.3
2025-11-26,416,42,8,1.825,0.951,77,21,22,13,3,1,54,87,41.827,8606.5,0.814,77.62,0.792
2025-11-27,417,27,10,1.512,1.009,80,16,18,11,1,1,64,79,43.269,8619.2,0.148,77.67,0.064
2025-11-28,419,46,3,5.775,1.345,88,18,23,11,4,1,67,64,48.325,8614.1,-0.059,77.66,-0.013
2025-12-01,420,26,33,3.25,1.241,91,20,19,11,6,0,60,76,46.539,8565.2,-0.568,77.21,-0.579
2025-12-02,419,17,28,1.927,1.741,87,23,24,14,3,1,54,83,48.201,8579.7,0.169,77.38,0.22
2025-12-03,422,30,13,1.678,1.765,94,17,27,14,6,1,53,85,51.19,8595.2,0.181,77.46,0.103
2025-12-04,422,15,34,1.207,1.371,88,18,36,11,6,1,59,73,48.571,8618.4,0.27,77.67,0.271
2025-12-05,422,27,14,0.943,2.136,85,21,34,11,6,0,64,73,45.476,8634.6,0.188,77.88,0.27
2025-12-08,417,12,26,0.878,1.726,74,17,28,8,6,0,56,80,45.06,8624.4,-0.118,77.8,-0.103
2025-12-09,417,8,23,0.836,1.302,73,21,17,9,5,0,63,79,43.133,8585.9,-0.446,77.37,-0.553
2025-12-10,418,39,7,0.971,1.293,77,21,19,10,5,0,65,77,43.51,8579.4,-0.076,77.34,-0.039
2025-12-11,415,17,22,1.12,1.167,73,23,18,12,4,0,60,83,43.584,8592.0,0.147,77.49,0.194
2025-12-12,412,46,6,1.452,1.15,79,23,20,9,5,0,74,81,48.78,8697.3,1.226,78.41,1.187
2025-12-15,414,12,28,1.419,1.109,78,20,23,5,7,0,86,84,47.573,8635.0,-0.716,77.78,-0.803
2025-12-16,416,14,30,1.376,1.084,71,24,19,6,6,0,76,81,46.135,8598.9,-0.418,77.49,-0.373
2025-12-17,415,50,14,1.39,1.176,76,29,38,5,12,0,83,81,47.458,8585.2,-0.159,77.29,-0.258
2025-12-18,415,17,22,1.39,1.26,78,29,35,5,10,0,68,77,48.426,8588.2,0.035,77.47,0.233
2025-12-19,416,66,9,1.544,1.503,79,26,41,4,9,0,85,67,53.865,8621.4,0.387,77.72,0.323
2025-12-22,416,67,9,2.548,1.976,77,25,62,3,15,0,97,55,56.522,8699.9,0.911,78.43,0.914
2025-12-23,417,21,2,3.946,2.342,71,26,63,2,17,0,114,46,60.145,8795.7,1.101,79.35,1.173
2025-12-24,415,28,6,4.146,2.284,75,23,46,2,14,0,105,38,60.048,8762.7,-0.375,78.99,-0.454
2025-12-29,416,27,14,5.225,2.486,74,24,48,1,16,0,117,38,57.108,8725.7,-0.422,78.74,-0.316
2025-12-30,419,13,18,3.184,2.072,71,24,46,1,15,0,101,43,60.671,8717.1,-0.099,78.03,-0.902
2025-12-31,412,10,6,2.152,2.408,64,28,38,2,11,0,94,40,60.097,8714.3,-0.032,77.93,-0.128
2026-01-02,414,31,5,2.224,3.143,70,24,40,1,13,0,96,40,60.291,8727.8,0.155,78.1,0.218
2026-01-05,416,32,22,1.738,2.761,71,25,46,0,10,0,101,35,60.386,8728.6,0.009,78.17,0.09
2026-01-06,414,36,14,1.877,3.152,67,26,42,1,11,0,113,30,55.34,8714.6,-0.16,77.75,-0.537
2026-01-07,414,22,12,2.22,2.657,65,28,46,0,12,0,117,29,59.466,8695.6,-0.218,77.79,0.051
2026-01-08,413,17,15,2.029,2.079,62,25,42,2,12,0,137,22,63.747,8720.8,0.29,78.04,0.321
2026-01-09,411,19,18,1.556,1.808,62,24,46,0,10,0,136,21,66.015,8717.8,-0.034,77.93,-0.141
2026-01-12,419,43,12,1.93,1.838,66,21,54,0,15,0,136,18,67.626,8759.4,0.477,78.42,0.629
2026-01-13,412,24,17,1.689,1.777,70,25,50,0,13,0,152,15,66.993,8808.5,0.561,78.84,0.536
2026-01-14,416,28,6,1.926,2.063,77,29,52,2,13,0,146,19,68.039,8820.6,0.137,78.94,0.127
2026-01-15,416,17,30,1.578,1.781,79,27,46,1,8,0,135,20,67.554,8861.7,0.466,79.29,0.443
2026-01-16,411,29,6,1.986,1.757,74,25,50,1,13,0,126,18,70.66,8903.9,0.476,79.76,0.593
2026-01-19,412,45,15,1.932,1.931,72,28,72,1,16,0,133,23,67.073,8874.5,-0.33,79.4,-0.451
2026-01-20,414,15,26,1.614,1.65,68,30,61,1,12,0,122,36,64.32,8815.9,-0.66,78.89,-0.642
2026-01-21,420,52,28,1.505,1.671,82,26,77,2,22,0,131,28,59.952,8782.9,-0.374,78.62,-0.342
2026-01-22,421,28,48,1.374,1.456,83,29,61,1,9,0,128,21,64.593,8848.7,0.749,79.2,0.738
2026-01-23,429,67,9,1.643,1.766,85,29,58,2,11,0,137,22,64.941,8860.1,0.129,79.29,0.114
2026-01-27,431,23,39,1.233,1.464,104,30,59,2,11,0,141,23,64.871,8941.6,0.92,80.14,1.072
2026-01-28,436,32,38,1.247,1.371,106,32,57,2,12,0,141,28,59.491,8933.9,-0.086,80.01,-0.162
2026-01-29,434,18,51,0.908,1.124,103,36,47,2,11,0,143,34,53.953,8966.1,0.36,79.86,-0.187
2026-01-30,429,11,106,0.621,0.874,90,40,36,5,5,0,126,32,51.059,8869.1,-1.082,79.46,-0.501
2026-02-02,424,10,84,0.296,0.678,90,41,24,5,4,0,107,40,47.143,8778.6,-1.02,78.6,-1.082
2026-02-03,432,47,11,0.407,0.689,92,40,27,8,7,0,119,34,49.184,8857.1,0.894,79.3,0.891
2026-02-04,433,44,66,0.409,0.692,95,45,27,10,10,0,109,45,45.476,8927.8,0.798,79.92,0.782
2026-02-05,426,22,94,0.371,0.553,73,42,12,10,6,0,85,46,41.038,8889.2,-0.432,79.61,-0.388
2026-02-06,427,4,155,0.31,0.426,63,53,7,26,5,1,67,65,24.941,8708.8,-2.029,77.91,-2.135
2026-02-09,434,160,4,0.839,0.573,76,37,12,18,5,1,88,44,39.352,8912.1,2.334,79.39,1.9
2026-02-10,437,61,10,0.884,0.661,96,33,20,13,5,0,108,41,42.989,8867.4,-0.502,79.51,0.151
2026-02-11,438,48,11,1.077,0.718,98,31,16,10,7,0,108,47,48.055,9014.8,1.662,80.67,1.459
2026-02-12,442,13,89,1.063,0.667,101,35,19,19,7,0,83,77,40.136,9043.5,0.318,80.93,0.322
2026-02-13,431,4,117,1.238,0.644,70,48,14,30,6,0,58,99,33.875,8917.6,-1.392,79.85,-1.334
2026-02-16,434,57,10,0.772,0.811,75,44,13,22,6,0,62,96,36.866,8966.8,0.552,80.04,0.238
2026-02-17,432,25,24,0.586,0.755,72,40,12,23,6,0,59,91,33.796,8958.9,-0.088,80.26,0.275
2026-02-18,427,60,17,0.619,0.855,68,31,12,21,5,0,68,74,39.578,9007.0,0.537,80.77,0.635
2026-02-19,430,41,31,0.94,1.011,76,29,14,23,5,0,80,77,40.0,9086.2,0.879,81.49,0.891
2026-02-20,433,23,35,1.761,1.414,77,37,13,28,4,0,77,87,39.03,9081.4,-0.053,81.44,-0.061
2026-02-23,431,61,43,1.4,1.016,94,34,12,31,4,0,78,94,40.139,9026.0,-0.61,80.93,-0.626
2026-02-24,433,29,57,1.169,0.832,97,38,10,41,4,0,70,104,39.723,9022.3,-0.041,81.0,0.086
2026-02-25,434,92,17,1.344,0.92,101,38,15,31,5,0,76,106,44.931,9128.3,1.175,81.92,1.136
2026-02-26,435,62,24,1.517,1.211,110,27,15,26,4,0,80,97,47.356,9175.3,0.515,82.43,0.623
2026-02-27,432,51,23,1.799,1.783,114,30,16,20,2,1,90,97,51.62,9198.6,0.254,82.63,0.243
2026-03-02,433,43,49,1.629,1.522,105,35,20,22,5,1,86,101,48.73,9167.5,-0.338,82.71,0.097
2026-03-03,434,14,68,1.448,1.308,94,45,28,30,6,1,74,113,46.083,9077.3,-0.984,81.56,-1.39
2026-03-04,433,4,92,0.68,0.957,80,51,14,31,4,1,56,139,37.644,8901.2,-1.94,80.08,-1.815
2026-03-05,431,54,11,0.683,1.033,78,48,15,25,2,1,65,119,41.067,8940.3,0.439,80.77,0.862
2026-03-06,425,29,68,0.5,0.971,74,43,23,17,3,1,49,125,34.824,8851.0,-0.999,79.92,-1.052
2026-03-09,428,7,177,0.26,0.657,58,53,18,19,6,1,32,167,21.729,8599.0,-2.847,77.65,-2.84
2026-03-10,429,75,10,0.472,0.8,56,50,15,23,4,1,40,150,28.438,8692.6,1.088,78.56,1.172
2026-03-11,427,36,14,0.718,0.7,69,48,11,20,4,2,40,138,29.04,8743.5,0.586,79.07,0.649
2026-03-12,427,10,98,0.428,0.53,52,56,8,31,2,2,31,166,22.482,8629.0,-1.31,77.88,-1.505
2026-03-13,428,18,49,0.42,0.456,47,54,11,29,3,2,33,188,21.963,8617.1,-0.138,77.91,0.039
2026-03-16,424,7,75,0.593,0.384,40,59,15,25,4,2,27,198,18.632,8583.4,-0.391,77.65,-0.334
2026-03-17,426,27,14,0.392,0.439,40,58,11,22,3,2,24,193,19.718,8614.3,0.36,77.94,0.373
2026-03-18,425,35,15,0.386,0.561,42,55,14,23,4,2,31,173,22.824,8640.6,0.305,78.22,0.359
2026-03-19,421,11,127,0.35,0.394,30,71,12,36,2,2,32,196,17.577,8497.8,-1.653,76.86,-1.739
2026-03-20,423,31,46,0.401,0.411,29,79,13,43,2,2,37,189,16.785,8428.4,-0.817,76.25,-0.794
2026-03-23,422,11,105,0.375,0.472,28,83,6,62,2,1,28,211,14.455,8365.9,-0.742,75.73,-0.682
2026-03-24,420,48,8,0.452,0.425,27,85,7,51,2,1,32,190,15.952,8379.4,0.161,75.8,0.092
2026-03-25,422,163,7,0.901,0.664,39,67,11,25,4,0,38,153,22.038,8557.6,2.127,77.18,1.821
2026-03-26,416,13,33,1.337,0.76,31,78,11,30,2,0,49,125,21.635,8525.7,-0.373,77.11,-0.091
2026-03-27,415,15,37,1.316,0.773,26,91,9,44,3,2,35,169,19.277,8516.3,-0.11,77.1,-0.013
2026-03-30,412,21,44,2.016,0.86,28,97,12,60,2,0,33,188,18.932,8461.0,-0.649,75.98,-1.453
2026-03-31,411,66,7,2.172,0.965,27,90,9,49,1,0,33,171,21.411,8481.8,0.246,76.18,0.263
2026-04-01,412,148,3,2.121,1.264,32,70,7,19,0,0,44,132,31.068,8671.8,2.24,77.9,2.258
2026-04-02,411,7,103,1.325,1.331,33,82,10,19,0,0,44,123,25.791,8579.5,-1.064,77.05,-1.091
2026-04-07,409,27,9,1.62,1.458,32,78,9,20,0,0,38,127,27.628,8728.8,1.74,78.31,1.635
2026-04-08,411,210,11,3.444,2.74,36,61,6,5,1,0,54,85,48.418,8951.8,2.555,80.4,2.669
2026-04-09,409,9,61,2.144,2.156,35,68,15,5,1,0,44,109,43.521,8973.2,0.239,80.54,0.174
2026-04-10,409,24,9,1.435,1.703,38,69,12,7,1,0,46,108,44.254,8960.6,-0.14,80.41,-0.161
2026-04-13,405,13,46,2.081,1.636,37,78,8,9,1,0,39,122,38.025,8926.0,-0.386,80.09,-0.398
2026-04-14,407,44,8,2.222,1.89,36,80,12,3,0,0,43,109,42.506,8970.8,0.502,80.62,0.662
2026-04-15,407,57,10,1.097,2.266,35,71,18,1,2,0,48,90,46.683,8978.7,0.088,80.67,0.062
2026-04-16,406,57,10,2.349,2.207,35,69,29,0,2,0,45,90,51.724,8955.0,-0.264,80.39,-0.347
2026-04-17,406,28,21,2.095,1.653,35,66,31,1,4,0,46,95,54.187,8946.9,-0.09,80.37,-0.025
2026-04-20,408,26,18,3.164,2.438,33,63,22,0,3,0,41,98,59.559,8953.3,0.072,80.43,0.075
2026-04-21,408,21,8,2.821,2.421,35,62,43,0,7,0,41,98,62.5,8949.4,-0.044,80.35,-0.099
2026-04-22,408,10,36,1.527,1.273,31,70,40,1,7,0,46,87,58.088,8843.6,-1.182,79.39,-1.195
2026-04-23,406,13,28,0.883,1.51,30,71,62,1,12,0,52,72,57.389,8793.4,-0.568,78.96,-0.542
2026-04-24,409,17,21,0.784,1.388,30,72,46,1,10,0,44,81,54.279,8786.5,-0.078,78.93,-0.038
2026-04-27,407,30,7,0.91,1.814,27,67,29,2,5,0,48,69,54.791,8766.4,-0.229,78.67,-0.329
2026-04-28,410,7,43,0.57,1.317,25,71,30,3,4,0,62,53,50.244,8710.7,-0.635,78.19,-0.61
2026-04-29,410,10,17,0.664,1.048,26,77,33,3,8,0,59,73,52.812,8687.0,-0.272,78.2,0.013
2026-04-30,407,9,51,0.525,0.684,22,83,29,3,5,0,53,85,48.768,8665.8,-0.244,77.8,-0.512
2026-05-01,406,28,8,0.667,0.722,27,83,29,5,5,0,76,60,53.086,8729.8,0.739,78.39,0.758
2026-05-04,407,21,25,0.521,0.68,30,84,21,10,3,0,74,57,51.478,8697.1,-0.375,78.1,-0.37
2026-05-05,406,11,27,0.617,0.593,39,74,23,10,3,0,71,52,48.768,8680.5,-0.191,77.93,-0.218
2026-05-06,403,41,12,0.894,0.782,38,66,27,9,6,0,79,48,51.117,8793.6,1.303,78.99,1.36
2026-05-07,405,87,11,2.265,1.176,36,59,19,9,4,0,82,38,60.0,8878.1,0.961,79.76,0.975
2026-05-08,403,24,16,2.022,1.235,32,55,21,7,3,0,110,28,56.079,8744.4,-1.506,78.66,-1.379
2026-05-11,404,27,19,2.235,1.157,40,49,25,8,4,0,118,28,53.713,8701.8,-0.487,78.37,-0.369
2026-05-12,400,36,30,2.443,1.361,53,39,31,6,5,1,138,31,49.25,8670.7,-0.357,78.03,-0.434
2026-05-13,403,35,15,2.297,1.491,47,45,28,6,3,1,137,25,51.861,8630.4,-0.465,77.73,-0.384
2026-05-14,402,19,36,1.216,1.653,42,57,22,8,5,1,103,42,49.254,8640.7,0.119,77.84,0.142
2026-05-15,400,25,60,0.888,1.299,38,60,16,9,3,1,107,38,53.0,8630.8,-0.115,77.7,-0.18
2026-05-18,396,5,80,0.543,1.013,35,60,12,13,3,2,92,41,40.404,8505.3,-1.454,76.73,-1.248
2026-05-19,397,18,17,0.49,1.071,44,43,12,16,2,2,111,30,44.836,8604.7,1.169,77.47,0.964
2026-05-20,393,6,64,0.284,0.81,38,61,8,21,1,2,83,48,39.44,8496.6,-1.256,76.58,-1.149
2026-05-21,393,51,8,0.459,0.713,36,52,10,13,3,2,77,62,44.529,8621.7,1.472,77.69,1.449
2026-05-22,395,39,7,0.676,0.777,36,52,12,9,3,2,104,47,44.557,8657.0,0.409,78.02,0.425
2026-05-25,398,56,15,1.532,0.873,33,45,14,8,4,2,101,47,48.866,8692.0,0.404,78.37,0.449
2026-05-26,396,20,13,1.607,0.87,36,46,14,9,3,2,65,73,47.222,8657.8,-0.393,78.03,-0.434
2026-05-27,397,38,13,3.643,0.885,42,49,20,7,5,2,79,59,49.242,8717.7,0.692,78.53,0.641
2026-05-28,397,13,62,1.509,0.799,41,46,17,7,5,2,72,69,46.599,8592.9,-1.432,77.51,-1.299
2026-05-29,399,78,6,1.881,1.137,41,42,23,6,5,1,99,52,52.632,8731.7,1.615,78.55,1.342
2026-06-01,401,43,20,1.684,1.609,38,48,23,8,3,1,94,60,53.5,8729.4,-0.026,78.71,0.204
2026-06-02,400,30,30,1.542,1.571,40,54,22,9,4,1,82,71,49.875,8724.4,-0.057,78.66,-0.064
2026-06-03,401,26,24,1.338,1.99,45,64,29,7,6,1,76,81,48.25,8785.7,0.703,79.21,0.699
2026-06-04,399,8,38,1.568,1.539,45,53,19,8,3,1,65,73,46.985,8686.1,-1.134,78.26,-1.199
2026-06-05,400,14,33,0.834,1.283,44,45,13,7,3,1,62,84,43.5,8625.1,-0.702,77.73,-0.677
2026-06-09,401,17,59,0.516,0.963,41,54,12,9,3,1,54,95,42.643,8604.2,-0.242,77.56,-0.219
2026-06-10,399,24,68,0.401,0.824,38,55,8,13,1,1,50,93,47.87,8653.3,0.571,77.97,0.529
2026-06-11,401,19,17,0.381,0.762,52,43,9,19,2,1,56,92,44.389,8633.2,-0.232,77.76,-0.269
2026-06-12,401,77,8,0.816,1.109,47,44,12,7,1,1,67,70,50.125,8804.0,1.978,79.33,2.019
2026-06-15,405,113,11,1.534,1.205,57,30,19,3,2,1,79,56,60.0,8914.0,1.249,80.35,1.286
2026-06-16,405,20,24,1.977,1.115,62,25,22,2,1,1,86,50,59.506,8917.7,0.042,80.35,0.0
2026-06-17,407,65,5,4.523,1.334,77,24,33,1,1,0,97,40,64.128,8966.3,0.545,80.79,0.548
2026-06-18,411,18,47,3.084,1.21,83,22,30,1,3,0,104,41,61.707,8911.1,-0.616,80.32,-0.582
2026-06-19,405,22,43,1.831,1.235,70,23,41,1,4,0,91,48,60.891,8828.7,-0.925,79.61,-0.884
2026-06-22,404,20,24,1.014,1.291,65,23,37,3,2,0,92,50,59.305,8816.1,-0.143,79.48,-0.163
2026-06-23,403,3,53,0.744,1.27,76,24,21,5,1,0,86,51,56.608,8787.0,-0.33,79.24,-0.302
2026-06-24,405,30,24,0.487,1.512,85,21,20,4,4,0,82,57,54.094,8808.4,0.244,79.38,0.177
2026-06-25,401,19,68,0.443,1.261,88,20,19,8,3,0,71,83,50.376,8748.7,-0.678,78.98,-0.504
2026-06-26,402,14,32,0.428,0.979,84,20,18,10,2,0,78,78,52.75,8764.2,0.177,79.05,0.089
2026-06-29,402,36,13,0.537,0.742,70,24,19,9,5,0,81,74,55.25,8823.4,0.675,78.79,-0.329
2026-06-30,403,20,21,0.753,0.748,73,25,15,11,4,0,93,76,53.616,8778.7,-0.507,78.4,-0.495
2026-07-01,403,28,29,0.718,0.593,77,25,17,15,1,0,85,87,51.372,8722.9,-0.636,77.91,-0.625
2026-07-02,403,34,21,1.138,0.689,76,23,15,8,0,0,82,72,48.628,8724.5,0.018,77.92,0.013
2026-07-03,409,67,8,2.011,0.925,75,22,15,7,2,0,83,62,54.3,8844.4,1.374,78.99,1.373
2026-07-06,408,18,9,1.898,0.968,59,27,18,6,2,0,93,36,56.65,8831.0,-0.152,78.82,-0.215
2026-07-07,400,7,52,1.294,0.986,67,21,13,8,1,0,80,53,55.639,8803.9,-0.307,78.6,-0.279
2026-07-08,399,7,45,0.985,0.839,54,28,10,6,2,0,89,43,53.015,8785.1,-0.214,78.4,-0.254
2026-07-09,397,19,12,0.937,1.033,38,40,13,6,2,0,86,49,53.535,8762.5,-0.257,78.28,-0.153
2026-07-10,392,40,6,0.734,1.278,44,32,12,4,4,0,74,43,55.754,8806.0,0.496,78.59,0.396
2026-07-13,389,7,34,0.537,1.042,40,39,8,10,1,0,70,60,50.643,8808.5,0.028,78.65,0.076
2026-07-14,387,13,16,0.761,1.034,40,34,6,12,1,0,67,61,50.777,8808.5,0.0,78.62,-0.038
2026-07-15,383,26,6,1.419,1.139,46,34,10,10,1,0,63,64,50.524,8841.1,0.37,78.88,0.331
2026-07-16,380,14,14,1.316,1.079,46,42,9,12,1,0,76,55,51.842,8840.7,-0.005,78.91,0.038
2026-07-17,378,2,90,0.388,0.539,36,57,6,18,1,0,59,84,47.884,8796.7,-0.498,78.5,-0.52
2026-07-20,379,17,12,0.522,0.53,34,57,8,17,1,0,60,90,47.619,8791.3,-0.061,78.5,0.0
2026-07-21,378,31,12,0.672,0.713,29,53,8,19,1,0,63,83,47.745,8793.3,0.023,78.46,-0.051
2026-07-22,379,46,7,0.815,1.029,29,45,8,14,1,0,63,75,45.767,8823.0,0.338,78.78,0.408
2026-07-23,382,26,18,0.878,1.033,35,37,8,11,2,0,58,71,46.194,8839.0,0.181,78.94,0.203
2026-07-24,378,4,76,0.992,0.653,33,47,8,8,2,0,47,76,43.236,8772.3,-0.755,78.32,-0.785
2026-07-27,378,61,8,1.388,0.927,32,36,13,4,1,0,56,58,48.011,8894.0,1.387,79.44,1.43
2026-07-28,378,26,36,1.124,0.907,31,38,8,8,1,0,51,46,50.663,8947.8,0.605,79.87,0.541
2026-07-29,378,26,22,0.894,0.858,36,39,9,13,1,0,60,49,55.438,9038.6,1.015,80.7,1.039
2026-07-30,377,4,43,0.654,0.75,34,43,8,15,0,0,34,64,48.138,8967.7,-0.784,80.06,-0.793
2026-07-31,377,61,6,1.548,1.258,37,30,10,11,0,0,35,66,51.064,8976.8,0.101,80.22,0.2
2026-08-03,376,20,7,1.202,1.298,38,33,7,6,0,0,34,60,56.0,9019.3,0.473,80.56,0.424
2026-08-04,378,50,3,1.988,1.434,45,21,11,3,2,0,42,67,64.191,9145.8,1.403,81.7,1.415
2026-08-05,388,87,1,3.7,1.659,56,16,14,2,5,0,64,47,71.503,9227.8,0.897,82.38,0.832
2026-08-06,392,29,5,11.227,1.778,56,16,17,2,6,0,63,33,72.751,9271.6,0.475,82.75,0.449
2026-08-07,390,43,6,10.409,2.971,45,17,28,2,7,1,73,35,72.61,9263.6,-0.086,82.74,-0.012
2026-08-10,393,44,9,10.542,2.826,56,14,25,2,8,1,87,27,75.385,9232.6,-0.335,82.47,-0.326
2026-08-11,393,26,9,7.633,3.514,49,18,39,3,9,0,99,31,76.667,9250.6,0.195,82.63,0.194
2026-08-12,394,22,19,3.417,3.574,55,18,34,3,9,0,101,21,74.425,9209.4,-0.445,82.2,-0.52
2026-08-13,398,19,14,2.702,5.076,57,20,30,4,7,0,104,22,72.589,9188.5,-0.227,82.15,-0.061
2026-08-14,397,17,27,1.641,3.57,57,23,29,3,7,0,93,26,70.483,9115.2,-0.798,81.41,-0.901
2026-08-17,401,46,21,1.444,3.36,53,17,66,2,12,0,104,28,70.101,9073.2,-0.461,81.07,-0.418
2026-08-18,401,26,28,1.193,2.583,66,13,53,1,15,0,101,27,67.839,9070.0,-0.035,81.15,0.099
2026-08-19,398,23,29,1.101,1.766,63,14,46,1,11,0,102,25,65.57,9053.8,-0.179,81.05,-0.123
2026-08-20,400,87,19,1.605,1.95,83,14,53,0,10,0,105,25,68.766,9083.8,0.331,81.29,0.296
2026-08-21,408,28,34,1.603,1.617,84,16,62,0,11,0,113,24,64.198,9058.9,-0.274,81.09,-0.246
2026-08-24,409,50,25,1.585,1.529,80,15,78,0,12,0,124,22,64.778,9103.1,0.488,81.53,0.543
2026-08-25,416,44,19,1.841,1.54,76,15,73,0,10,0,140,16,68.523,9164.6,0.676,82.12,0.724
2026-08-26,418,29,25,1.951,1.531,87,15,84,1,16,0,136,22,66.265,9127.8,-0.402,81.81,-0.378
2026-08-27,419,23,44,1.184,1.376,73,19,80,1,12,0,124,29,60.723,9038.2,-0.982,80.95,-1.051
2026-08-28,419,26,26,1.237,1.415,86,20,82,1,19,0,136,35,61.205,9092.3,0.599,81.58,0.778
2026-08-31,416,6,50,0.78,1.144,71,22,59,2,10,0,134,30,58.495,9076.0,-0.179,81.36,-0.27
2026-09-01,420,28,18,0.687,1.19,67,26,57,2,11,0,134,37,57.692,9066.7,-0.102,81.39,0.037
2026-09-02,415,15,72,0.467,1.012,58,26,35,6,8,0,121,46,52.67,8978.4,-0.974,80.65,-0.909
2026-09-03,416,29,13,0.581,0.853,62,24,30,11,5,1,139,38,53.623,9020.1,0.464,81.28,0.781
2026-09-04,417,37,4,0.732,0.97,68,24,30,6,4,1,144,32,56.627,9005.9,-0.157,81.33,0.062
2026-09-07,416,18,16,1.033,0.889,70,20,21,9,3,1,150,29,56.039,9010.9,0.056,81.31,-0.025
2026-09-08,417,15,11,0.983,0.81,81,22,19,9,3,1,142,31,51.566,8920.8,-1.0,80.49,-1.008
2026-09-09,417,20,22,1.803,0.786,83,24,15,10,2,2,137,34,51.807,8911.4,-0.105,80.51,0.025
2026-09-10,418,14,33,1.209,0.785,79,24,9,12,3,2,139,30,46.043,8819.4,-1.032,79.55,-1.192
2026-09-11,416,6,56,0.529,0.637,60,32,9,12,3,2,101,41,37.59,8741.2,-0.887,78.95,-0.754
2026-09-14,414,15,24,0.479,0.732,51,33,12,15,3,1,110,51,37.772,8749.9,0.1,78.94,-0.013
2026-09-15,415,14,24,0.434,0.665,52,36,13,15,3,2,105,59,37.288,8672.5,-0.885,78.41,-0.671
2026-09-16,414,21,12,0.47,0.879,45,37,10,13,3,2,114,44,36.65,8696.5,0.277,78.56,0.191
2026-09-17,413,28,13,0.651,0.874,49,35,13,9,3,2,104,50,38.686,8732.4,0.413,78.83,0.344
2026-09-18,410,68,13,1.698,0.978,54,29,12,13,4,2,108,54,42.647,8731.2,-0.014,78.81,-0.025
2026-09-21,408,15,38,1.46,0.878,57,28,13,8,2,2,104,71,40.64,8731.9,0.008,78.87,0.076
2026-09-22,411,35,6,2.037,0.979,68,22,15,8,2,2,93,77,42.543,8757.8,0.297,79.13,0.33
2026-09-23,410,29,14,2.083,1.052,69,23,16,10,2,2,92,80,41.912,8765.3,0.086,79.22,0.114
2026-09-24,408,16,22,1.753,1.113,77,23,16,9,2,2,87,88,38.424,8702.0,-0.722,78.62,-0.757
2026-09-25,409,5,29,0.917,1.262,69,25,11,10,2,2,71,105,34.729,8665.0,-0.425,78.27,-0.445
2026-09-28,403,2,41,0.777,1.099,55,29,8,13,2,2,58,123,29.426,8679.7,0.17,78.46,0.243
2026-09-29,402,26,8,0.684,1.25,64,28,9,10,1,2,59,110,33.25,8709.3,0.341,77.83,-0.803
2026-09-30,404,38,8,0.806,1.365,76,28,12,14,1,2,68,91,38.557,8789.3,0.919,78.43,0.771
2026-10-01,402,5,46,0.576,1.062,64,29,11,12,0,2,60,102,29.25,,,76.82,-2.053
