Date,universe_size,new_highs,new_lows,net
2025-10-01,476,36,7,29
2025-10-02,480,59,7,52
2025-10-03,482,60,5,55
2025-10-06,480,66,5,61
2025-10-07,483,51,9,42
2025-10-08,485,39,13,26
2025-10-09,486,61,5,56
2025-10-10,484,41,7,34
2025-10-13,487,28,12,16
2025-10-14,493,70,11,59
2025-10-15,495,61,5,56
2025-10-16,496,68,3,65
2025-10-17,490,41,6,35
2025-10-20,487,22,8,14
2025-10-21,490,38,5,33
2025-10-22,489,19,7,12
2025-10-23,492,25,5,20
2025-10-24,493,31,2,29
2025-10-27,488,32,5,27
2025-10-28,484,24,10,14
2025-10-29,487,23,6,17
2025-10-30,484,19,7,12
2025-10-31,487,21,9,12
2025-11-03,484,23,8,15
2025-11-04,486,12,10,2
2025-11-05,478,9,16,-7
2025-11-06,479,15,11,4
2025-11-07,477,10,16,-6
2025-11-10,486,11,8,3
2025-11-11,490,31,8,23
2025-11-12,486,29,7,22
2025-11-13,489,32,10,22
2025-11-14,486,11,17,-6
2025-11-17,488,11,11,0
2025-11-18,484,7,12,-5
2025-11-19,485,5,12,-7
2025-11-20,484,8,5,3
2025-11-21,478,4,17,-13
2025-11-24,473,12,6,6
2025-11-25,474,11,0,11
2025-11-26,476,16,1,15
2025-11-27,477,19,0,19
2025-11-28,480,20,1,19
2025-12-01,480,33,4,29
2025-12-02,480,18,4,14
2025-12-03,482,20,5,15
2025-12-04,483,22,6,16
2025-12-05,483,19,4,15
2025-12-08,478,10,6,4
2025-12-09,474,7,5,2
2025-12-10,476,12,11,1
2025-12-11,477,23,11,12
2025-12-12,481,22,12,10
2025-12-15,478,15,12,3
2025-12-16,479,9,15,-6
2025-12-17,478,17,14,3
2025-12-18,474,15,14,1
2025-12-19,479,27,8,19
2025-12-22,481,49,3,46
2025-12-23,478,42,3,39
2025-12-24,479,38,1,37
2025-12-29,482,58,1,57
2025-12-30,481,15,1,14
2025-12-31,484,19,2,17
2026-01-02,480,25,1,24
2026-01-05,480,38,5,33
2026-01-06,482,44,6,38
2026-01-07,478,41,4,37
2026-01-08,485,29,4,25
2026-01-09,482,18,1,17
2026-01-12,488,43,2,41
2026-01-13,492,51,5,46
2026-01-14,490,38,6,32
2026-01-15,492,46,8,38
2026-01-16,489,39,5,34
2026-01-19,488,50,4,46
2026-01-20,487,29,3,26
2026-01-21,491,40,12,28
2026-01-22,493,34,3,31
2026-01-23,503,52,2,50
2026-01-27,505,48,4,44
2026-01-28,503,43,9,34
2026-01-29,504,45,15,30
2026-01-30,500,21,14,7
2026-02-02,498,0,23,-23
2026-02-03,503,5,10,-5
2026-02-04,512,14,29,-15
2026-02-05,508,9,20,-11
2026-02-06,499,2,46,-44
2026-02-09,509,4,11,-7
2026-02-10,511,8,11,-3
2026-02-11,513,12,12,0
2026-02-12,514,29,23,6
2026-02-13,508,7,42,-35
2026-02-16,510,14,27,-13
2026-02-17,512,14,18,-4
2026-02-18,513,13,9,4
2026-02-19,511,27,5,22
2026-02-20,509,17,20,-3
2026-02-23,506,24,18,6
2026-02-24,504,25,35,-10
2026-02-25,509,29,22,7
2026-02-26,503,28,10,18
2026-02-27,505,29,7,22
2026-03-02,506,35,15,20
2026-03-03,499,14,24,-10
2026-03-04,496,3,37,-34
2026-03-05,496,5,16,-11
2026-03-06,496,5,18,-13
2026-03-09,492,5,51,-46
2026-03-10,492,5,8,-3
2026-03-11,494,8,16,-8
2026-03-12,492,5,47,-42
2026-03-13,488,5,43,-38
2026-03-16,483,4,31,-27
2026-03-17,482,2,23,-21
2026-03-18,480,5,18,-13
2026-03-19,474,10,52,-42
2026-03-20,470,10,55,-45
2026-03-23,462,6,72,-66
2026-03-24,465,5,22,-17
2026-03-25,470,9,11,-2
2026-03-26,466,5,10,-5
2026-03-27,458,4,20,-16
2026-03-30,458,12,47,-35
2026-03-31,463,7,24,-17
2026-04-01,467,4,10,-6
2026-04-02,464,7,18,-11
2026-04-07,461,9,17,-8
2026-04-08,468,10,3,7
2026-04-09,468,6,6,0
2026-04-10,464,8,15,-7
2026-04-13,460,10,17,-7
2026-04-14,464,15,9,6
2026-04-15,465,14,6,8
2026-04-16,464,12,5,7
2026-04-17,466,16,13,3
2026-04-20,464,13,5,8
2026-04-21,462,16,8,8
2026-04-22,462,8,16,-8
2026-04-23,458,11,23,-12
2026-04-24,460,12,21,-9
2026-04-27,460,14,10,4
2026-04-28,465,7,23,-16
2026-04-29,464,8,24,-16
2026-04-30,461,8,24,-16
2026-05-01,464,11,12,-1
2026-05-04,462,11,18,-7
2026-05-05,460,6,29,-23
2026-05-06,461,15,18,-3
2026-05-07,469,21,12,9
2026-05-08,463,10,11,-1
2026-05-11,468,13,21,-8
2026-05-12,462,19,28,-9
2026-05-13,464,15,20,-5
2026-05-14,461,12,29,-17
2026-05-15,457,11,14,-3
2026-05-18,452,1,37,-36
2026-05-19,458,5,16,-11
2026-05-20,454,7,27,-20
2026-05-21,460,9,12,-3
2026-05-22,458,10,14,-4
2026-05-25,467,10,15,-5
2026-05-26,460,11,16,-5
2026-05-27,461,14,15,-1
2026-05-28,458,13,18,-5
2026-05-29,466,14,6,8
2026-06-01,465,19,13,6
2026-06-02,468,18,28,-10
2026-06-03,469,19,23,-4
2026-06-04,468,11,22,-11
2026-06-05,466,15,8,7
2026-06-09,463,13,21,-8
2026-06-10,459,11,13,-2
2026-06-11,461,11,17,-6
2026-06-12,466,19,5,14
2026-06-15,473,22,3,19
2026-06-16,471,16,5,11
2026-06-17,475,19,7,12
2026-06-18,470,18,6,12
2026-06-19,470,12,10,2
2026-06-22,465,23,10,13
2026-06-23,465,12,15,-3
2026-06-24,465,9,13,-4
2026-06-25,461,9,16,-7
2026-06-26,462,5,18,-13
2026-06-29,459,8,9,-1
2026-06-30,461,12,7,5
2026-07-01,460,10,7,3
2026-07-02,464,1,5,-4
2026-07-03,468,1,4,-3
2026-07-06,465,1,4,-3
2026-07-07,462,3,4,-1
2026-07-08,459,2,8,-6
2026-07-09,456,3,3,0
2026-07-10,459,2,2,0
2026-07-13,453,4,8,-4
2026-07-14,454,5,11,-6
2026-07-15,452,5,5,0
2026-07-16,452,4,4,0
2026-07-17,444,3,11,-8
2026-07-20,444,4,10,-6
2026-07-21,440,3,12,-9
2026-07-22,440,4,9,-5
2026-07-23,444,6,7,-1
2026-07-24,440,2,14,-12
2026-07-27,442,4,9,-5
2026-07-28,434,3,10,-7
2026-07-29,432,11,5,6
2026-07-30,435,6,14,-8
2026-07-31,437,5,5,0
2026-08-03,436,9,6,3
2026-08-04,432,11,3,8
2026-08-05,435,17,3,14
2026-08-06,443,22,1,21
2026-08-07,445,18,1,17
2026-08-10,447,18,2,16
2026-08-11,442,15,2,13
2026-08-12,449,11,1,10
2026-08-13,450,10,2,8
2026-08-14,451,4,8,-4
2026-08-17,452,11,5,6
2026-08-18,452,8,3,5
2026-08-19,451,9,7,2
2026-08-20,456,17,7,10
2026-08-21,457,19,6,13
2026-08-24,459,18,6,12
2026-08-25,461,19,8,11
2026-08-26,456,29,5,24
2026-08-27,458,14,10,4
2026-08-28,462,14,12,2
2026-08-31,460,9,10,-1
2026-09-01,465,9,19,-10
2026-09-02,464,8,14,-6
2026-09-03,463,9,12,-3
2026-09-04,465,7,3,4
2026-09-07,465,9,4,5
2026-09-08,466,5,7,-2
2026-09-09,467,5,13,-8
2026-09-10,468,5,27,-22
2026-09-11,466,5,29,-24
2026-09-14,462,6,22,-16
2026-09-15,467,5,21,-16
2026-09-16,464,10,21,-11
2026-09-17,467,10,10,0
2026-09-18,469,17,16,1
2026-09-21,468,14,15,-1
2026-09-22,467,11,11,0
2026-09-23,467,20,17,3
2026-09-24,463,15,28,-13
2026-09-25,465,6,39,-33
2026-09-28,467,6,39,-33
2026-09-29,466,8,35,-27
2026-09-30,462,11,12,-1
2026-10-01,459,7,25,-18
2026-10-02,459,8,22,-14
2026-10-05,460,14,28,-14
2026-10-06,461,8,25,-17
2026-10-07,459,8,19,-11
2026-10-08,454,3,24,-21
2026-10-09,448,3,15,-12
