ticker,code,name,gics
10X.AX,10X,EXULTANT MINING LIMITED,Materials
14D.AX,14D,1414 DEGREES LIMITED,Capital Goods
1AD.AX,1AD,ADALTA LIMITED,"Pharmaceuticals, Biotechnology & Life Sciences"
1AE.AX,1AE,AURORA ENERGY METALS LIMITED,Materials
1AI.AX,1AI,ALGORAE PHARMACEUTICALS LIMITED,"Pharmaceuticals, Biotechnology & Life Sciences"
1CG.AX,1CG,ONE CLICK GROUP LIMITED,Capital Goods
1MC.AX,1MC,MORELLA CORPORATION LIMITED,Materials
1TT.AX,1TT,THRIVE TRIBE TECHNOLOGIES LIMITED,Software & Services
29M.AX,29M,29METALS LIMITED,Materials
360.AX,360,LIFE360 INC.,Software & Services
3DA.AX,3DA,AMAERO INC.,Capital Goods
3DP.AX,3DP,POINTERRA LIMITED,Software & Services
3PL.AX,3PL,3P LEARNING LIMITED..,Consumer Services
49M.AX,49M,49 METALS LIMITED,Materials
4DS.AX,4DS,4DS MEMORY LIMITED,Semiconductors & Semiconductor Equipment
4DX.AX,4DX,4DMEDICAL LIMITED,Health Care Equipment & Services
5GG.AX,5GG,PENTANET LIMITED,Telecommunication Services
5GN.AX,5GN,5G NETWORKS LIMITED.,Software & Services
6KA.AX,6KA,"6K ADDITIVE, INC.",Materials
88E.AX,88E,88 ENERGY LIMITED,Energy
8CO.AX,8CO,8COMMON LIMITED,Software & Services
8IH.AX,8IH,8I HOLDINGS LTD,Financial Services
A11.AX,A11,ATLANTIC LITHIUM LIMITED,Materials
A1M.AX,A1M,AIC MINES LIMITED,Materials
A1N.AX,A1N,ARN MEDIA LIMITED,Media & Entertainment
A2M.AX,A2M,THE A2 MILK COMPANY LIMITED,"Food, Beverage & Tobacco"
A3D.AX,A3D,AURORA LABS LIMITED,Capital Goods
A4N.AX,A4N,ALPHA HPA LIMITED,Materials
A8G.AX,A8G,AUSTRALASIAN METALS LIMITED,Materials
AA2.AX,AA2,ARIANA RESOURCES PLC,Materials
AAC.AX,AAC,AUSTRALIAN AGRICULTURAL COMPANY LIMITED.,"Food, Beverage & Tobacco"
AAI.AX,AAI,ALCOA CORPORATION,Materials
AAJ.AX,AAJ,ARUMA RESOURCES LIMITED,Materials
AAL.AX,AAL,ALFABS AUSTRALIA LIMITED,Capital Goods
AAM.AX,AAM,AUMEGA METALS LTD,Materials
AAP.AX,AAP,AUSTRALIAN AGRICULTURAL PROJECTS LIMITED,"Food, Beverage & Tobacco"
AAR.AX,AAR,ASTRAL RESOURCES NL,Materials
AAU.AX,AAU,ANTILLES GOLD LIMITED,Materials
ABB.AX,ABB,AUSSIE BROADBAND LIMITED,Telecommunication Services
ABE.AX,ABE,AUSTRALIAN BOND EXCHANGE HOLDINGS LIMITED,Financial Services
ABG.AX,ABG,ABACUS GROUP,Equity Real Estate Investment Trusts (REITs)
ABV.AX,ABV,ADVANCED BRAKING TECHNOLOGY LTD,Automobiles & Components
ABX.AX,ABX,ABX GROUP LIMITED,Materials
ABY.AX,ABY,ADORE BEAUTY GROUP LIMITED,Consumer Discretionary Distribution & Retail
ACE.AX,ACE,ACUSENSUS LIMITED.,Software & Services
ACF.AX,ACF,ACROW LIMITED,Capital Goods
ACL.AX,ACL,AUSTRALIAN CLINICAL LABS LIMITED,Health Care Equipment & Services
ACM.AX,ACM,AUSTRALIAN CRITICAL MINERALS LIMITED,Materials
ACP.AX,ACP,AUDALIA RESOURCES LIMITED,Materials
ACR.AX,ACR,ACRUX LIMITED,"Pharmaceuticals, Biotechnology & Life Sciences"
ACS.AX,ACS,ACCENT RESOURCES NL,Materials
ACU.AX,ACU,ACUMENTIS GROUP LIMITED,Real Estate Management & Development
ACW.AX,ACW,ACTINOGEN MEDICAL LIMITED,"Pharmaceuticals, Biotechnology & Life Sciences"
AD1.AX,AD1,ADNEO LIMITED,Media & Entertainment
AD8.AX,AD8,AUDINATE GROUP LIMITED,Technology Hardware & Equipment
ADC.AX,ADC,ACDC METALS LTD,Materials
ADD.AX,ADD,ADAVALE RESOURCES LIMITED,Energy
ADG.AX,ADG,ADELONG GOLD LIMITED,Materials
ADH.AX,ADH,ADAIRS LIMITED,Consumer Discretionary Distribution & Retail
ADN.AX,ADN,ANDROMEDA METALS LIMITED,Materials
ADO.AX,ADO,ANTEOTECH LTD,"Pharmaceuticals, Biotechnology & Life Sciences"
ADR.AX,ADR,ADHERIUM LIMITED,Health Care Equipment & Services
ADS.AX,ADS,ADSLOT LTD.,Software & Services
ADV.AX,ADV,ARDIDEN LTD,Materials
ADX.AX,ADX,ADX ENERGY LTD,Energy
ADY.AX,ADY,ADMIRALTY RESOURCES NL.,Materials
AEE.AX,AEE,AURA ENERGY LIMITED,Energy
AEF.AX,AEF,AUSTRALIAN ETHICAL INVESTMENT LIMITED,Financial Services
AEG.AX,AEG,ALAND EQUITY GROUP LIMITED,Financial Services
AEI.AX,AEI,AERIS ENVIRONMENTAL LTD,Commercial & Professional Services
AEM.AX,AEM,ADVANCED ENGINEERED MATERIALS LTD,Materials
AER.AX,AER,AEERIS LTD,Media & Entertainment
AEV.AX,AEV,AVENIRA LIMITED,Materials
AFA.AX,AFA,ASF GROUP LIMITED,Financial Services
AFG.AX,AFG,AUSTRALIAN FINANCE GROUP LTD,Financial Services
AFL.AX,AFL,AF LEGAL GROUP LTD,Commercial & Professional Services
AFP.AX,AFP,AFT PHARMACEUTICALS LIMITED,"Pharmaceuticals, Biotechnology & Life Sciences"
AGC.AX,AGC,AUSTRALIAN GOLD AND COPPER LTD,Materials
AGD.AX,AGD,AUSTRAL GOLD LIMITED,Materials
AGE.AX,AGE,ALLIGATOR ENERGY LIMITED,Energy
AGH.AX,AGH,ALTHEA GROUP HOLDINGS LIMITED,"Pharmaceuticals, Biotechnology & Life Sciences"
AGI.AX,AGI,AINSWORTH GAME TECHNOLOGY LIMITED,Consumer Services
AGL.AX,AGL,AGL ENERGY LIMITED.,Utilities
AGN.AX,AGN,ARGENICA THERAPEUTICS LIMITED,"Pharmaceuticals, Biotechnology & Life Sciences"
AGR.AX,AGR,AGUIA RESOURCES LIMITED,Materials
AGY.AX,AGY,ARGOSY MINERALS LIMITED,Materials
AHC.AX,AHC,AUSTCO HEALTHCARE LIMITED,Health Care Equipment & Services
AHF.AX,AHF,AUSTRALIAN DAIRY NUTRITIONALS LIMITED,"Food, Beverage & Tobacco"
AHK.AX,AHK,ARK MINES LIMITED,Materials
AHL.AX,AHL,ADRAD HOLDINGS LIMITED,Automobiles & Components
AHN.AX,AHN,ATHENA RESOURCES LIMITED,Materials
AI1.AX,AI1,ADISYN LTD,Software & Services
AIA.AX,AIA,AUCKLAND INTERNATIONAL AIRPORT LIMITED,Transportation
AIH.AX,AIH,ADVANCED INNERGY HOLDINGS LIMITED,Capital Goods
AIM.AX,AIM,AI-MEDIA TECHNOLOGIES LIMITED,Software & Services
AIS.AX,AIS,AERIS RESOURCES LIMITED,Materials
AIV.AX,AIV,ACTIVEX LIMITED,Materials
AIZ.AX,AIZ,AIR NEW ZEALAND LIMITED,Transportation
AJL.AX,AJL,AJ LUCAS GROUP LIMITED,Capital Goods
AJX.AX,AJX,ALEXIUM INTERNATIONAL GROUP LIMITED,Materials
AKG.AX,AKG,ACADEMIES AUSTRALASIA GROUP LIMITED,Consumer Services
AKM.AX,AKM,ASPIRE MINING LIMITED,Materials
AKN.AX,AKN,AUKING MINING LIMITED,Materials
AKO.AX,AKO,AKORA RESOURCES LIMITED,Materials
AL3.AX,AL3,AML3D LIMITED,Capital Goods
AL8.AX,AL8,ALDERAN RESOURCES LIMITED,Materials
ALA.AX,ALA,AROVELLA THERAPEUTICS LIMITED,"Pharmaceuticals, Biotechnology & Life Sciences"
ALB.AX,ALB,ALBION RESOURCES LIMITED,Materials
ALC.AX,ALC,ALCIDION GROUP LIMITED,Health Care Equipment & Services
ALD.AX,ALD,AMPOL LIMITED,Energy
ALK.AX,ALK,ALKANE RESOURCES LIMITED,Materials
ALL.AX,ALL,ARISTOCRAT LEISURE LIMITED,Consumer Services
ALM.AX,ALM,ALMA METALS LIMITED,Energy
ALQ.AX,ALQ,ALS LIMITED,Commercial & Professional Services
ALR.AX,ALR,ALTAIR MINERALS LIMITED,Materials
ALU.AX,ALU,ALURION RESOURCES LIMITED,Materials
ALV.AX,ALV,ALVO MINERALS LIMITED,Materials
ALX.AX,ALX,ATLAS ARTERIA,Transportation
ALY.AX,ALY,ALCHEMY RESOURCES LIMITED,Materials
AM7.AX,AM7,ARCADIA MINERALS LIMITED,Materials
AMA.AX,AMA,AMA GROUP LIMITED,Commercial & Professional Services
AMC.AX,AMC,AMCOR PLC,Materials
AMD.AX,AMD,ARROW MINERALS LTD,Materials
AMI.AX,AMI,AURELIA METALS LIMITED,Materials
AMK.AX,AMK,ALMASAR MINERALS LIMITED,Materials
AMN.AX,AMN,AGRIMIN LIMITED,Materials
AMO.AX,AMO,AMBERTECH LIMITED,Technology Hardware & Equipment
AMP.AX,AMP,AMP LIMITED,Financial Services
AMS.AX,AMS,ATOMOS LIMITED,Consumer Durables & Apparel
AMX.AX,AMX,AEROMETREX LIMITED,Commercial & Professional Services
AN1.AX,AN1,ANAGENICS LIMITED,"Pharmaceuticals, Biotechnology & Life Sciences"
ANG.AX,ANG,AUSTIN ENGINEERING LIMITED,Capital Goods
ANN.AX,ANN,ANSELL LIMITED,Health Care Equipment & Services
ANO.AX,ANO,ADVANCE ZINCTEK LIMITED,Materials
ANR.AX,ANR,ANATARA LIFESCIENCES LTD,"Pharmaceuticals, Biotechnology & Life Sciences"
ANX.AX,ANX,ANAX METALS LIMITED,Materials
ANZ.AX,ANZ,ANZ GROUP HOLDINGS LIMITED,Banks
AOA.AX,AOA,AUSMON RESOURCES LIMITED,Materials
AOK.AX,AOK,AUSTRALIAN OIL COMPANY LIMITED.,Energy
AON.AX,AON,APOLLO MINERALS LIMITED,Materials
AOV.AX,AOV,AMOTIV LIMITED,Automobiles & Components
APA.AX,APA,APA GROUP,Utilities
APC.AX,APC,APC MINERALS LIMITED,Materials
APE.AX,APE,EAGERS AUTOMOTIVE LIMITED,Consumer Discretionary Distribution & Retail
APL.AX,APL,ASSOCIATE GLOBAL PARTNERS LIMITED,Financial Services
APS.AX,APS,ALLUP SILICA LIMITED,Materials
APW.AX,APW,AIMS PROPERTY SECURITIES FUND,Equity Real Estate Investment Trusts (REITs)
APX.AX,APX,APPEN LIMITED,Software & Services
APZ.AX,APZ,ASPEN GROUP,Equity Real Estate Investment Trusts (REITs)
AQC.AX,AQC,AUSTRALIAN PACIFIC COAL LIMITED,Materials
AQD.AX,AQD,AUSQUEST LIMITED,Materials
AQI.AX,AQI,ALICANTO MINERALS LIMITED,Materials
AQN.AX,AQN,AQUIRIAN LIMITED,Commercial & Professional Services
AQX.AX,AQX,ALICE QUEEN LIMITED,Materials
AQZ.AX,AQZ,ALLIANCE AVIATION SERVICES LIMITED,Transportation
AR1.AX,AR1,AUSTRAL RESOURCES AUSTRALIA LTD,Materials
AR3.AX,AR3,AUSTRALIAN RARE EARTHS LIMITED,Materials
AR9.AX,AR9,ARCHTIS LIMITED,Software & Services
ARA.AX,ARA,ARIADNE AUSTRALIA LIMITED,Commercial & Professional Services
ARB.AX,ARB,ARB CORPORATION LIMITED.,Automobiles & Components
ARC.AX,ARC,ARC FUNDS LIMITED,Financial Services
ARD.AX,ARD,ARGENT MINERALS LIMITED,Materials
ARF.AX,ARF,ARENA REIT.,Equity Real Estate Investment Trusts (REITs)
ARL.AX,ARL,ARDEA RESOURCES LIMITED,Materials
ARN.AX,ARN,ALDORO RESOURCES LIMITED,Materials
ARR.AX,ARR,AMERICAN RARE EARTHS LIMITED,Materials
ART.AX,ART,AIRTASKER LIMITED,Media & Entertainment
ARU.AX,ARU,ARAFURA RARE EARTHS LTD,Materials
ARV.AX,ARV,ARTEMIS RESOURCES LIMITED,Materials
ARX.AX,ARX,AROA BIOSURGERY LIMITED,"Pharmaceuticals, Biotechnology & Life Sciences"
AS1.AX,AS1,ASARA RESOURCES LIMITED,Materials
AS2.AX,AS2,ASKARI METALS LIMITED,Materials
ASB.AX,ASB,AUSTAL LIMITED,Capital Goods
ASE.AX,ASE,ASTUTE METALS NL,Materials
ASG.AX,ASG,AUTOSPORTS GROUP LIMITED.,Consumer Discretionary Distribution & Retail
ASH.AX,ASH,ASHLEY SERVICES GROUP LIMITED,Commercial & Professional Services
ASK.AX,ASK,ABACUS STORAGE KING,Equity Real Estate Investment Trusts (REITs)
ASL.AX,ASL,ANDEAN SILVER LIMITED,Materials
ASN.AX,ASN,ANSON RESOURCES LIMITED,Materials
ASP.AX,ASP,ASPERMONT LIMITED.,Media & Entertainment
ASQ.AX,ASQ,AUSTRALIAN SILICA QUARTZ GROUP LTD,Materials
ASR.AX,ASR,ASRA MINERALS LIMITED,Materials
ASV.AX,ASV,ASSET VISION CO LTD,Commercial & Professional Services
ASX.AX,ASX,ASX LIMITED,Financial Services
AT1.AX,AT1,ATOMO DIAGNOSTICS LIMITED,Health Care Equipment & Services
ATA.AX,ATA,ATTURRA LIMITED,Software & Services
ATC.AX,ATC,ALTECH BATTERIES LTD,Materials
ATG.AX,ATG,ARTICORE GROUP LIMITED,Consumer Discretionary Distribution & Retail
ATH.AX,ATH,ALTERITY THERAPEUTICS LIMITED,"Pharmaceuticals, Biotechnology & Life Sciences"
ATM.AX,ATM,PT ANTAM (PERSERO) TBK,Materials
ATP.AX,ATP,ATLAS PEARLS LTD,Consumer Durables & Apparel
ATR.AX,ATR,ASTRON LIMITED,Materials
ATS.AX,ATS,AUSTRALIS OIL & GAS LIMITED,Energy
ATV.AX,ATV,ACTIVEPORT GROUP LTD,Software & Services
ATX.AX,ATX,AMPLIA THERAPEUTICS LIMITED,"Pharmaceuticals, Biotechnology & Life Sciences"
AU1.AX,AU1,THE AGENCY GROUP AUSTRALIA LTD,Real Estate Management & Development
AUA.AX,AUA,AUDEARA LIMITED,Consumer Durables & Apparel
AUB.AX,AUB,AUB GROUP LIMITED,Insurance
AUC.AX,AUC,AUSGOLD LIMITED,Materials
AUE.AX,AUE,AURUM RESOURCES LIMITED,Materials
AUG.AX,AUG,AUGUSTUS MINERALS LIMITED,Materials
AUH.AX,AUH,AUSTCHINA HOLDINGS LIMITED,Energy
AUK.AX,AUK,AUMAKE LIMITED.,Consumer Discretionary Distribution & Retail
AUQ.AX,AUQ,ALARA RESOURCES LIMITED,Materials
AUR.AX,AUR,AURIS MINERALS LIMITED,Materials
AUZ.AX,AUZ,AUSTRALIAN MINES LIMITED,Materials
AV1.AX,AV1,ADVERITAS LIMITED,Software & Services
AVA.AX,AVA,AVA RISK GROUP LIMITED,Technology Hardware & Equipment
AVD.AX,AVD,AVADA GROUP LIMITED,Commercial & Professional Services
AVE.AX,AVE,AVECHO BIOTECHNOLOGY LIMITED,"Pharmaceuticals, Biotechnology & Life Sciences"
AVG.AX,AVG,AUSTRALIAN VINTAGE LTD,"Food, Beverage & Tobacco"
AVH.AX,AVH,AVITA MEDICAL INC.,"Pharmaceuticals, Biotechnology & Life Sciences"
AVL.AX,AVL,AUSTRALIAN VANADIUM LIMITED,Materials
AVM.AX,AVM,ADVANCE METALS LIMITED,Materials
AVR.AX,AVR,ANTERIS TECHNOLOGIES GLOBAL CORP.,Health Care Equipment & Services
AVW.AX,AVW,AVIRA RESOURCES LTD,Materials
AW1.AX,AW1,AMERICAN WEST METALS LIMITED,Materials
AWJ.AX,AWJ,AURIC MINING LIMITED,Materials
AX1.AX,AX1,ACCENT GROUP LIMITED,Consumer Discretionary Distribution & Retail
AX8.AX,AX8,ACCELERATE RESOURCES LIMITED,Materials
AXE.AX,AXE,ARCHER MATERIALS LIMITED,Semiconductors & Semiconductor Equipment
AXI.AX,AXI,AXTEC LIMITED,Real Estate Management & Development
AXL.AX,AXL,AXEL REE LIMITED,Materials
AXN.AX,AXN,ALLIANCE NICKEL LIMITED,Materials
AXP.AX,AXP,AXP ENERGY LIMITED,Energy
AXQ.AX,AXQ,"AURA CONSOLIDATED GROUP, INC.",Class Pend
AXR.AX,AXR,AXIANT RESOURCES LIMITED,Materials
AYA.AX,AYA,ARTRYA LIMITED,Health Care Equipment & Services
AYM.AX,AYM,AUSTRALIA UNITED MINING LIMITED,Materials
AYT.AX,AYT,AUSTIN METALS LIMITED,Materials
AZ9.AX,AZ9,AZZURO RESOURCES PLC,Materials
AZI.AX,AZI,ALTAMIN LIMITED,Materials
AZJ.AX,AZJ,AURIZON HOLDINGS LIMITED,Transportation
AZL.AX,AZL,ARIZONA LITHIUM LIMITED,Materials
AZY.AX,AZY,ANTIPA MINERALS LIMITED,Materials
B4P.AX,B4P,BEFOREPAY GROUP LIMITED,Financial Services
BAK.AX,BAK,BARKLY RARE EARTHS LIMITED,Materials
BAP.AX,BAP,BAPCOR LIMITED,Consumer Discretionary Distribution & Retail
BAS.AX,BAS,BASS OIL LIMITED,Energy
BB1.AX,BB1,BLINKLAB LIMITED,Health Care Equipment & Services
BBC.AX,BBC,BNK BANKING CORPORATION LIMITED,Banks
BBL.AX,BBL,BRISBANE BRONCOS LIMITED,Media & Entertainment
BBN.AX,BBN,BABY BUNTING GROUP LIMITED,Consumer Discretionary Distribution & Retail
BBT.AX,BBT,BETR ENTERTAINMENT LIMITED,Consumer Services
BC8.AX,BC8,BLACK CAT SYNDICATE LIMITED,Materials
BCA.AX,BCA,BLACK CANYON LIMITED,Materials
BCC.AX,BCC,BEAM COMMUNICATIONS HOLDINGS LIMITED,Technology Hardware & Equipment
BCI.AX,BCI,BCI MINERALS LIMITED,Materials
BCK.AX,BCK,BROCKMAN MINING LIMITED,Materials
BCM.AX,BCM,BRAZILIAN CRITICAL MINERALS LIMITED,Materials
BCN.AX,BCN,BEACON MINERALS LIMITED,Materials
BDG.AX,BDG,BLACK DRAGON GOLD CORP.,Materials
BDM.AX,BDM,BURGUNDY DIAMOND MINES LIMITED,Materials
BDX.AX,BDX,BCAL DIAGNOSTICS LIMITED,"Pharmaceuticals, Biotechnology & Life Sciences"
BEN.AX,BEN,BENDIGO AND ADELAIDE BANK LIMITED,Banks
BEO.AX,BEO,BEONIC LTD,Software & Services
BET.AX,BET,BETMAKERS TECHNOLOGY GROUP LTD,Consumer Services
BEZ.AX,BEZ,BESRA GOLD INC.,Materials
BFG.AX,BFG,BELL FINANCIAL GROUP LIMITED,Financial Services
BFL.AX,BFL,BSP FINANCIAL GROUP LIMITED,Banks
BGA.AX,BGA,BEGA CHEESE LIMITED,"Food, Beverage & Tobacco"
BGD.AX,BGD,BARTON GOLD HOLDINGS LIMITED,Materials
BGE.AX,BGE,BRIDGE SAAS LIMITED,Software & Services
BGL.AX,BGL,BELLEVUE GOLD LIMITED,Materials
BGP.AX,BGP,BRISCOE GROUP AUSTRALASIA LIMITED,Consumer Discretionary Distribution & Retail
BGT.AX,BGT,BIO-GENE TECHNOLOGY LTD,Materials
BHL.AX,BHL,BLACK HORSE MINING LIMITED,Materials
BHP.AX,BHP,BHP GROUP LIMITED,Materials
BIM.AX,BIM,BINDI METALS LIMITED,Materials
BIO.AX,BIO,BIOME AUSTRALIA LIMITED,Household & Personal Products
BIS.AX,BIS,BISALLOY STEEL GROUP LIMITED,Materials
BIT.AX,BIT,BIOTRON LIMITED,"Pharmaceuticals, Biotechnology & Life Sciences"
BKT.AX,BKT,BLACK ROCK MINING LIMITED,Materials
BKY.AX,BKY,BERKELEY ENERGIA LIMITED,Energy
BLG.AX,BLG,BLUGLASS LIMITED,Semiconductors & Semiconductor Equipment
BLU.AX,BLU,BLUE ENERGY LIMITED.,Energy
BLX.AX,BLX,BEACON LIGHTING GROUP LIMITED,Consumer Discretionary Distribution & Retail
BLZ.AX,BLZ,BLAZE MINERALS LIMITED,Energy
BM1.AX,BM1,BALLARD MINING LIMITED,Materials
BM8.AX,BM8,BATTERY AGE MINERALS LTD,Materials
BMC.AX,BMC,BMC MINERALS LTD.,Materials
BMG.AX,BMG,BMG RESOURCES LIMITED,Materials
BMH.AX,BMH,BAUMART HOLDINGS LIMITED,Capital Goods
BML.AX,BML,BOAB METALS LIMITED,Materials
BMM.AX,BMM,BAYAN MINING AND MINERALS LIMITED,Materials
BMN.AX,BMN,BANNERMAN ENERGY LTD,Energy
BMR.AX,BMR,BALLYMORE RESOURCES LIMITED,Materials
BMT.AX,BMT,BEAMTREE HOLDINGS LIMITED,Health Care Equipment & Services
BNL.AX,BNL,BLUE STAR HELIUM LIMITED,Energy
BNR.AX,BNR,BULLETIN RESOURCES LIMITED,Materials
BNZ.AX,BNZ,BENZ MINING CORP.,Materials
BOA.AX,BOA,BOA RESOURCES LTD,Materials
BOC.AX,BOC,BOUGAINVILLE COPPER LIMITED,Materials
BOE.AX,BOE,BOSS ENERGY LTD,Energy
BOL.AX,BOL,BOOM LOGISTICS LIMITED,Capital Goods
BOQ.AX,BOQ,BANK OF QUEENSLAND LIMITED.,Banks
BOT.AX,BOT,BOTANIX PHARMACEUTICALS LTD,"Pharmaceuticals, Biotechnology & Life Sciences"
BP8.AX,BP8,BPH GLOBAL LTD,"Pharmaceuticals, Biotechnology & Life Sciences"
BPG.AX,BPG,BLACK PEARL GROUP LIMITED,Software & Services
BPH.AX,BPH,BPH ENERGY LTD,Financial Services
BPM.AX,BPM,BPM MINERALS LIMITED,Materials
BPP.AX,BPP,BABYLON PUMP & POWER LIMITED,Capital Goods
BPT.AX,BPT,BEACH ENERGY LIMITED,Energy
BRE.AX,BRE,BRAZILIAN RARE EARTHS LIMITED,Materials
BRG.AX,BRG,BREVILLE GROUP LIMITED,Consumer Durables & Apparel
BRI.AX,BRI,BIG RIVER INDUSTRIES LIMITED,Materials
BRK.AX,BRK,BROOKSIDE ENERGY LIMITED,Energy
BRL.AX,BRL,BATHURST RESOURCES LIMITED.,Materials
BRN.AX,BRN,BRAINCHIP HOLDINGS LTD,Software & Services
BRU.AX,BRU,BURU ENERGY LIMITED,Energy
BRX.AX,BRX,BELARAROX LIMITED,Materials
BSA.AX,BSA,BSA LIMITED,Commercial & Professional Services
BSL.AX,BSL,BLUESCOPE STEEL LIMITED,Materials
BSN.AX,BSN,BASIN ENERGY LIMITED,Energy
BSR.AX,BSR,BISON RESOURCES LIMITED,Materials
BST.AX,BST,BORESIGHT LTD,Capital Goods
BSX.AX,BSX,BLACKSTONE MINERALS LIMITED,Materials
BTE.AX,BTE,BOTALA ENERGY LTD,Energy
BTI.AX,BTI,BAILADOR TECHNOLOGY INVESTMENTS LIMITED,Financial Services
BTN.AX,BTN,BUTN LIMITED,Financial Services
BTR.AX,BTR,BRIGHTSTAR RESOURCES LIMITED,Materials
BUB.AX,BUB,BUBS AUSTRALIA LIMITED,"Food, Beverage & Tobacco"
BUR.AX,BUR,BURLEY MINERALS LTD,Materials
BUS.AX,BUS,BUBALUS RESOURCES LIMITED,Materials
BUX.AX,BUX,BUXTON RESOURCES LIMITED,Materials
BUY.AX,BUY,BOUNTY OIL & GAS NL,Energy
BVR.AX,BVR,BELLAVISTA RESOURCES LTD,Materials
BVS.AX,BVS,BRAVURA SOLUTIONS LIMITED.,Software & Services
BWF.AX,BWF,BLACKWALL LIMITED,Financial Services
BWN.AX,BWN,BHAGWAN MARINE LIMITED,Transportation
BWP.AX,BWP,BWP GROUP,Equity Real Estate Investment Trusts (REITs)
BXB.AX,BXB,BRAMBLES LIMITED,Commercial & Professional Services
BXN.AX,BXN,BIOXYNE LIMITED,Household & Personal Products
BYH.AX,BYH,BRYAH RESOURCES LIMITED,Materials
C1X.AX,C1X,COSMOS EXPLORATION LIMITED,Materials
C29.AX,C29,C29 METALS LIMITED,Materials
C79.AX,C79,CHRYSOS CORPORATION LIMITED,Commercial & Professional Services
C7A.AX,C7A,CLARA RESOURCES AUSTRALIA LTD,Materials
CAA.AX,CAA,CAPRAL LIMITED,Materials
CAE.AX,CAE,CANNINDAH RESOURCES LIMITED,Materials
CAF.AX,CAF,CENTREPOINT ALLIANCE LIMITED,Financial Services
CAG.AX,CAG,CAPE RANGE LTD,Software & Services
CAN.AX,CAN,CANN GROUP LIMITED,"Pharmaceuticals, Biotechnology & Life Sciences"
CAQ.AX,CAQ,CAQ HOLDINGS LIMITED,Real Estate Management & Development
CAR.AX,CAR,CAR GROUP LIMITED,Media & Entertainment
CAT.AX,CAT,CATAPULT SPORTS LTD,Software & Services
CAV.AX,CAV,CARNAVALE RESOURCES LIMITED,Materials
CAY.AX,CAY,CANYON RESOURCES LIMITED,Materials
CAZ.AX,CAZ,CAZALY RESOURCES LIMITED,Materials
CBA.AX,CBA,COMMONWEALTH BANK OF AUSTRALIA.,Banks
CBE.AX,CBE,COBRE LIMITED,Materials
CBH.AX,CBH,COOLABAH METALS LIMITED,Materials
CBL.AX,CBL,CONTROL BIONICS LIMITED,Health Care Equipment & Services
CBO.AX,CBO,COBRAM ESTATE OLIVES LIMITED,"Food, Beverage & Tobacco"
CBY.AX,CBY,CANTERBURY RESOURCES LIMITED,Materials
CC9.AX,CC9,CHARIOT RESOURCES LTD,Materials
CCA.AX,CCA,CHANGE FINANCIAL LIMITED,Financial Services
CCE.AX,CCE,CARNEGIE CLEAN ENERGY LIMITED,Utilities
CCG.AX,CCG,COMMS GROUP LTD,Telecommunication Services
CCL.AX,CCL,CUSCAL LIMITED,Financial Services
CCM.AX,CCM,CADOUX LIMITED,Materials
CCO.AX,CCO,THE CALMER CO INTERNATIONAL LIMITED,Household & Personal Products
CCP.AX,CCP,CREDIT CORP GROUP LIMITED,Financial Services
CCR.AX,CCR,CREDIT CLEAR LIMITED,Software & Services
CCV.AX,CCV,CASH CONVERTERS INTERNATIONAL,Financial Services
CCX.AX,CCX,CITY CHIC COLLECTIVE LIMITED,Consumer Discretionary Distribution & Retail
CCZ.AX,CCZ,CASTILLO COPPER LIMITED,Materials
CDA.AX,CDA,CODAN LIMITED,Technology Hardware & Equipment
CDE.AX,CDE,CODEIFAI LIMITED,Commercial & Professional Services
CDP.AX,CDP,CARINDALE PROPERTY TRUST,Equity Real Estate Investment Trusts (REITs)
CDR.AX,CDR,CODRUS MINERALS LIMITED,Materials
CDT.AX,CDT,CASTLE MINERALS LIMITED,Materials
CDX.AX,CDX,CARDIEX LIMITED,Health Care Equipment & Services
CEH.AX,CEH,COAST ENTERTAINMENT HOLDINGS LIMITED,Consumer Services
CEL.AX,CEL,CHALLENGER GOLD LIMITED,Materials
CEN.AX,CEN,CONTACT ENERGY LIMITED,Utilities
CF1.AX,CF1,COMPLII FINTECH SOLUTIONS LTD,Software & Services
CG1.AX,CG1,CARBONXT GROUP LIMITED,Materials
CGF.AX,CGF,CHALLENGER LIMITED,Financial Services
CGO.AX,CGO,CPT GLOBAL LIMITED,Software & Services
CGR.AX,CGR,CGN RESOURCES LIMITED,Materials
CGS.AX,CGS,COGSTATE LTD,Health Care Equipment & Services
CHC.AX,CHC,CHARTER HALL GROUP,Equity Real Estate Investment Trusts (REITs)
CHI.AX,CHI,CHANNEL INFRASTRUCTURE NZ LIMITED,Energy
CHL.AX,CHL,CAMPLIFY HOLDINGS LIMITED,Transportation
CHM.AX,CHM,CHIMERIC THERAPEUTICS LIMITED,"Pharmaceuticals, Biotechnology & Life Sciences"
CHN.AX,CHN,CHALICE MINING LIMITED,Materials
CHR.AX,CHR,CHARGER METALS NL,Materials
CHW.AX,CHW,CHILWA MINERALS LTD,Materials
CIA.AX,CIA,CHAMPION IRON LIMITED,Materials
CIO.AX,CIO,CONNECTED IO LIMITED,Technology Hardware & Equipment
CIP.AX,CIP,CENTURIA INDUSTRIAL REIT,Equity Real Estate Investment Trusts (REITs)
CIW.AX,CIW,CLIME INVESTMENT MANAGEMENT LTD,Financial Services
CKA.AX,CKA,COKAL LIMITED,Materials
CKF.AX,CKF,COLLINS FOODS LIMITED,Consumer Services
CLA.AX,CLA,CELSIUS RESOURCES LIMITED.,Materials
CLB.AX,CLB,CANDY CLUB HOLDINGS LIMITED,Consumer Staples Distribution & Retail
CLE.AX,CLE,CYCLONE METALS LIMITED,Materials
CLG.AX,CLG,CLOSE THE LOOP LTD.,Commercial & Professional Services
CLU.AX,CLU,CLUEY LTD,Consumer Services
CLV.AX,CLV,CLOVER CORPORATION LIMITED,Materials
CLW.AX,CLW,CHARTER HALL LONG WALE REIT,Equity Real Estate Investment Trusts (REITs)
CLX.AX,CLX,CTI LOGISTICS LIMITED,Transportation
CMA.AX,CMA,CARMA LIMITED,Consumer Discretionary Distribution & Retail
CMB.AX,CMB,CAMBIUM BIO LIMITED,"Pharmaceuticals, Biotechnology & Life Sciences"
CMD.AX,CMD,CASSIUS MINING LIMITED,Materials
CMG.AX,CMG,CRITICAL MINERALS GROUP LIMITED,Materials
CMM.AX,CMM,CAPRICORN METALS LTD,Materials
CMO.AX,CMO,COSMO METALS LIMITED,Materials
CMP.AX,CMP,COMPUMEDICS LIMITED,Health Care Equipment & Services
CMW.AX,CMW,CROMWELL PROPERTY GROUP,Equity Real Estate Investment Trusts (REITs)
CMX.AX,CMX,CHEMX MATERIALS LIMITED,Materials
CNB.AX,CNB,CARNABY RESOURCES LIMITED,Materials
CND.AX,CND,CONDOR ENERGY LIMITED,Energy
CNI.AX,CNI,CENTURIA CAPITAL GROUP,Equity Real Estate Investment Trusts (REITs)
CNJ.AX,CNJ,CONICO LTD,Materials
CNQ.AX,CNQ,CLEAN TEQ WATER LIMITED,Commercial & Professional Services
CNU.AX,CNU,CHORUS LIMITED,Telecommunication Services
COB.AX,COB,COBALT BLUE HOLDINGS LIMITED,Materials
COD.AX,COD,CODA MINERALS LTD,Materials
COE.AX,COE,COOPER ENERGY LIMITED,Energy
COF.AX,COF,CENTURIA OFFICE REIT,Equity Real Estate Investment Trusts (REITs)
COG.AX,COG,COG FINANCIAL SERVICES LIMITED,Financial Services
COH.AX,COH,COCHLEAR LIMITED,Health Care Equipment & Services
COI.AX,COI,COMET RIDGE LIMITED,Energy
COL.AX,COL,COLES GROUP LIMITED.,Consumer Staples Distribution & Retail
COS.AX,COS,COSOL LIMITED,Software & Services
COV.AX,COV,CLEO DIAGNOSTICS LTD,"Pharmaceuticals, Biotechnology & Life Sciences"
COY.AX,COY,COPPERMOLY LIMITED,Materials
CPM.AX,CPM,COOPER METALS LIMITED,Materials
CPN.AX,CPN,CASPIN RESOURCES LIMITED,Materials
CPO.AX,CPO,CULPEO MINERALS LIMITED,Materials
CPU.AX,CPU,COMPUTERSHARE LIMITED.,Commercial & Professional Services
CPV.AX,CPV,CLEARVUE TECHNOLOGIES LIMITED,Capital Goods
CQE.AX,CQE,CHARTER HALL SOCIAL INFRASTRUCTURE REIT,Equity Real Estate Investment Trusts (REITs)
CQR.AX,CQR,CHARTER HALL RETAIL REIT,Equity Real Estate Investment Trusts (REITs)
CR1.AX,CR1,CONSTELLATION RESOURCES LIMITED,Materials
CR9.AX,CR9,CORELLA RESOURCES LTD,Materials
CRB.AX,CRB,CARBINE RESOURCES LIMITED,Materials
CRD.AX,CRD,CONRAD ASIA ENERGY LTD.,Energy
CRN.AX,CRN,CORONADO GLOBAL RESOURCES INC.,Materials
CRR.AX,CRR,CRITICAL RESOURCES LIMITED,Materials
CRS.AX,CRS,CAPRICE RESOURCES LTD,Materials
CSC.AX,CSC,CAPSTONE COPPER CORP.,Materials
CSL.AX,CSL,CSL LIMITED,"Pharmaceuticals, Biotechnology & Life Sciences"
CST.AX,CST,CASTILE RESOURCES LTD,Materials
CSX.AX,CSX,CLEANSPACE HOLDINGS LIMITED,Health Care Equipment & Services
CT1.AX,CT1,CONSTELLATION TECHNOLOGIES LIMITED,Technology Hardware & Equipment
CTD.AX,CTD,CORPORATE TRAVEL MANAGEMENT LIMITED,Consumer Services
CTE.AX,CTE,CRYOSITE LIMITED,"Pharmaceuticals, Biotechnology & Life Sciences"
CTM.AX,CTM,CENTAURUS METALS LIMITED,Materials
CTN.AX,CTN,CATALINA RESOURCES LTD,Materials
CTO.AX,CTO,CITIGOLD CORPORATION LIMITED,Materials
CTP.AX,CTP,CENTRAL PETROLEUM LIMITED,Energy
CTQ.AX,CTQ,CARETEQ LIMITED,Health Care Equipment & Services
CTS.AX,CTS,CERETAS LIMITED,Health Care Equipment & Services
CTT.AX,CTT,CETTIRE LIMITED,Consumer Discretionary Distribution & Retail
CU6.AX,CU6,CLARITY PHARMACEUTICALS LTD,"Pharmaceuticals, Biotechnology & Life Sciences"
CUE.AX,CUE,CUE ENERGY RESOURCES LIMITED,Energy
CUF.AX,CUF,CUFE LTD,Materials
CUL.AX,CUL,CULLEN RESOURCES LIMITED,Materials
CUP.AX,CUP,COUNT LIMITED,Commercial & Professional Services
CUS.AX,CUS,COPPER SEARCH LIMITED,Materials
CUV.AX,CUV,CLINUVEL PHARMACEUTICALS LIMITED,"Pharmaceuticals, Biotechnology & Life Sciences"
CVB.AX,CVB,CURVEBEAM AI LIMITED,Health Care Equipment & Services
CVC.AX,CVC,CVC LIMITED,Financial Services
CVL.AX,CVL,CIVMEC LIMITED,Capital Goods
CVN.AX,CVN,CARNARVON ENERGY LIMITED,Energy
CVR.AX,CVR,CAVALIER RESOURCES LIMITED,Materials
CVV.AX,CVV,CARAVEL MINERALS LIMITED,Materials
CWP.AX,CWP,CEDAR WOODS PROPERTIES LIMITED,Real Estate Management & Development
CWY.AX,CWY,CLEANAWAY WASTE MANAGEMENT LIMITED,Commercial & Professional Services
CX8.AX,CX8,CAPABILITY X LIMITED,Class Pend
CXL.AX,CXL,CALIX LIMITED,Materials
CXO.AX,CXO,CORE LITHIUM LTD,Materials
CXU.AX,CXU,CAULDRON ENERGY LIMITED,Energy
CXZ.AX,CXZ,CONNEXION MOBILITY LTD,Software & Services
CY5.AX,CY5,CYGNUS METALS LIMITED,Materials
CYC.AX,CYC,CYCLOPHARM LIMITED,Health Care Equipment & Services
CYG.AX,CYG,COVENTRY GROUP LIMITED,Capital Goods
CYL.AX,CYL,CATALYST METALS LIMITED,Materials
CYM.AX,CYM,CYPRIUM METALS LIMITED,Materials
CYP.AX,CYP,CYNATA THERAPEUTICS LIMITED,"Pharmaceuticals, Biotechnology & Life Sciences"
CYQ.AX,CYQ,CYCLIQ GROUP LTD,Consumer Durables & Apparel
CZN.AX,CZN,CORAZON MINING LIMITED,Materials
CZR.AX,CZR,CZR RESOURCES LTD,Materials
D3E.AX,D3E,D3 ENERGY LIMITED,Energy
DAF.AX,DAF,DISCOVERY ALASKA LIMITED,Materials
DAL.AX,DAL,DALAROO METALS LTD,Materials
DBF.AX,DBF,DUXTON FARMS LTD,"Food, Beverage & Tobacco"
DBI.AX,DBI,DALRYMPLE BAY INFRASTRUCTURE LIMITED,Transportation
DBO.AX,DBO,DIABLO RESOURCES LIMITED,Materials
DCC.AX,DCC,DIGITALX LIMITED,Software & Services
DCL.AX,DCL,DOMACOM LIMITED,Financial Services
DDR.AX,DDR,DICKER DATA LIMITED,Technology Hardware & Equipment
DDT.AX,DDT,DATADOT TECHNOLOGY LIMITED,Automobiles & Components
DEL.AX,DEL,DELOREAN CORPORATION LIMITED,Utilities
DEM.AX,DEM,DE.MEM LIMITED,Utilities
DES.AX,DES,DESOTO RESOURCES LIMITED,Materials
DEV.AX,DEV,DEVEX RESOURCES LIMITED,Energy
DGH.AX,DGH,DESANE GROUP HOLDINGS LIMITED,Real Estate Management & Development
DGL.AX,DGL,DGL GROUP LIMITED,Materials
DGR.AX,DGR,DGR GLOBAL LIMITED,Materials
DGT.AX,DGT,DIGICO INFRASTRUCTURE REIT,Class Pend
DKM.AX,DKM,DUKETON MINING LIMITED,Materials
DLI.AX,DLI,DELTA LITHIUM LIMITED,Materials
DLM.AX,DLM,DOMINION MINERALS LIMITED,"Pharmaceuticals, Biotechnology & Life Sciences"
DLY.AX,DLY,DALY RESOURCES LIMITED,Materials
DM1.AX,DM1,DESERT METALS LIMITED,Materials
DME.AX,DME,DOME GOLD MINES LIMITED,Materials
DMG.AX,DMG,DRAGON MOUNTAIN GOLD LIMITED,Materials
DMP.AX,DMP,DOMINO'S PIZZA ENTERPRISES LIMITED,Consumer Services
DNK.AX,DNK,DANAKALI LIMITED,Materials
DOC.AX,DOC,DOCTOR CARE ANYWHERE GROUP PLC,Health Care Equipment & Services
DOU.AX,DOU,DOUUGH LIMITED,Telecommunication Services
DOW.AX,DOW,DOWNER EDI LIMITED,Commercial & Professional Services
DPM.AX,DPM,DPM METALS INC.,Materials
DRE.AX,DRE,DREADNOUGHT RESOURCES LTD,Materials
DRO.AX,DRO,DRONESHIELD LIMITED,Capital Goods
DRR.AX,DRR,DETERRA ROYALTIES LIMITED,Materials
DRX.AX,DRX,DIATREME RESOURCES LIMITED,Materials
DSK.AX,DSK,DUSK GROUP LIMITED,Consumer Discretionary Distribution & Retail
DSM.AX,DSM,DESERT MINERALS LTD,Materials
DTL.AX,DTL,DATA#3 LIMITED,Software & Services
DTM.AX,DTM,DART MINING NL,Materials
DTR.AX,DTR,DATELINE RESOURCES LIMITED,Materials
DTZ.AX,DTZ,DOTZ NANO LIMITED,Technology Hardware & Equipment
DUB.AX,DUB,DUBBER CORPORATION LIMITED,Software & Services
DUG.AX,DUG,DUG TECHNOLOGY LTD,Software & Services
DUN.AX,DUN,DUNDAS MINERALS LIMITED,Materials
DUR.AX,DUR,DURATEC LIMITED,Capital Goods
DVL.AX,DVL,DORSAVI LTD,"Pharmaceuticals, Biotechnology & Life Sciences"
DVP.AX,DVP,DEVELOP GLOBAL LIMITED,Materials
DWG.AX,DWG,DATAWORKS GROUP LIMITED,Software & Services
DXB.AX,DXB,DIMERIX LIMITED,"Pharmaceuticals, Biotechnology & Life Sciences"
DXC.AX,DXC,DEXUS CONVENIENCE RETAIL REIT,Equity Real Estate Investment Trusts (REITs)
DXI.AX,DXI,DEXUS INDUSTRIA REIT.,Equity Real Estate Investment Trusts (REITs)
DXN.AX,DXN,DXN LIMITED,Software & Services
DXS.AX,DXS,DEXUS,Equity Real Estate Investment Trusts (REITs)
DYL.AX,DYL,DEEP YELLOW LIMITED,Energy
DYM.AX,DYM,DYNAMIC METALS LIMITED,Materials
E25.AX,E25,ELEMENT 25 LIMITED,Materials
E79.AX,E79,E79 GOLD MINES LIMITED,Materials
EAX.AX,EAX,ENERGY ACTION LIMITED,Commercial & Professional Services
EBO.AX,EBO,EBOS GROUP LIMITED,Health Care Equipment & Services
EBR.AX,EBR,EBR SYSTEMS INC.,Health Care Equipment & Services
ECF.AX,ECF,ELANOR COMMERCIAL PROPERTY FUND,Equity Real Estate Investment Trusts (REITs)
ECH.AX,ECH,ECHELON RESOURCES LIMITED,Energy
ECL.AX,ECL,EXCELSIOR CAPITAL LTD,Capital Goods
ECS.AX,ECS,ECS BOTANICS HOLDINGS LTD,"Pharmaceuticals, Biotechnology & Life Sciences"
ECT.AX,ECT,ENVIRONMENTAL CLEAN TECHNOLOGIES LIMITED.,Commercial & Professional Services
EDE.AX,EDE,EDEN INNOVATIONS LTD,Energy
EDU.AX,EDU,EDU HOLDINGS LIMITED,Consumer Services
EDV.AX,EDV,ENDEAVOUR GROUP LIMITED,Consumer Staples Distribution & Retail
EE1.AX,EE1,EARTHS ENERGY LIMITED,Materials
EEG.AX,EEG,EMPIRE ENERGY GROUP LIMITED,Energy
EEL.AX,EEL,ENRG ELEMENTS LTD,Materials
EF2.AX,EF2,ENERGY FUELS INC.,Class Pend
EFE.AX,EFE,EASTERN RESOURCES LIMITED,Materials
EG1.AX,EG1,EVERGOLD MINERALS LIMITED,Materials
EGA.AX,EGA,EASTERN GAS CORPORATION LIMITED,Energy
EGG.AX,EGG,ENERO GROUP LIMITED,Media & Entertainment
EGH.AX,EGH,EUREKA GROUP HOLDINGS LIMITED,Real Estate Management & Development
EGL.AX,EGL,ENVIRONMENTAL GROUP LIMITED (THE),Capital Goods
EGR.AX,EGR,ECOGRAF LIMITED,Materials
EGY.AX,EGY,ENERGY TECHNOLOGIES LIMITED,Capital Goods
EHL.AX,EHL,EMECO HOLDINGS LIMITED,Capital Goods
EIQ.AX,EIQ,ECHOIQ LIMITED,Software & Services
EL8.AX,EL8,ELEVATE URANIUM LTD,Energy
ELD.AX,ELD,ELDERS LIMITED,"Food, Beverage & Tobacco"
ELK.AX,ELK,ELK RANGE MINING LIMITED,Materials
ELS.AX,ELS,ELSIGHT LIMITED,Technology Hardware & Equipment
ELT.AX,ELT,ELEMENTOS LIMITED,Materials
EM2.AX,EM2,EAGLE MOUNTAIN MINING LIMITED,Materials
EMB.AX,EMB,EMBELTON LIMITED,Capital Goods
EMC.AX,EMC,EVEREST METALS CORPORATION LTD,Materials
EMD.AX,EMD,EMYRIA LIMITED,Health Care Equipment & Services
EME.AX,EME,ENERGY METALS LTD,Energy
EMH.AX,EMH,EUROPEAN METALS HOLDINGS LIMITED,Materials
EML.AX,EML,EML PAYMENTS LIMITED,Financial Services
EMN.AX,EMN,EURO MANGANESE INC,Materials
EMP.AX,EMP,EMPEROR ENERGY LIMITED,Energy
EMR.AX,EMR,EMERALD RESOURCES NL,Materials
EMT.AX,EMT,EMETALS LIMITED,Materials
EMU.AX,EMU,EMU NL,Materials
EMV.AX,EMV,EMVISION MEDICAL DEVICES LTD,Health Care Equipment & Services
ENL.AX,ENL,ENLITIC INC.,Health Care Equipment & Services
ENN.AX,ENN,ELANOR INVESTORS GROUP,Consumer Services
ENR.AX,ENR,ENCOUNTER RESOURCES LIMITED,Materials
ENT.AX,ENT,ENTERPRISE METALS LIMITED,Materials
ENV.AX,ENV,ENOVA MINING LIMITED,Materials
ENX.AX,ENX,ENEGEX LIMITED,Materials
EOL.AX,EOL,ENERGY ONE LIMITED,Software & Services
EOS.AX,EOS,ELECTRO OPTIC SYSTEMS HOLDINGS LIMITED,Capital Goods
EPI.AX,EPI,EPIMINDER LIMITED,Health Care Equipment & Services
EPM.AX,EPM,ECLIPSE METALS LIMITED.,Energy
EPN.AX,EPN,EPSILON HEALTHCARE LIMITED,"Pharmaceuticals, Biotechnology & Life Sciences"
EPX.AX,EPX,EPX LIMITED,Software & Services
EPY.AX,EPY,EARLYPAY LTD,Financial Services
EQN.AX,EQN,EQUINOX RESOURCES LIMITED.,Materials
EQR.AX,EQR,EQ RESOURCES LIMITED,Materials
EQT.AX,EQT,EQT HOLDINGS LIMITED,Financial Services
EQU.AX,EQU,EQUUS ENERGY LIMITED,Energy
EQX.AX,EQX,EQUATORIAL RESOURCES LIMITED,Materials
ERA.AX,ERA,ENERGY RESOURCES OF AUSTRALIA LIMITED,Energy
ERD.AX,ERD,EROAD LIMITED,Technology Hardware & Equipment
ERG.AX,ERG,ENECO REFRESH LTD,"Food, Beverage & Tobacco"
ERL.AX,ERL,EMPIRE RESOURCES LIMITED,Materials
ERW.AX,ERW,ERRAWARRA RESOURCES LTD,Materials
ESK.AX,ESK,ETHERSTACK PLC,Software & Services
ESR.AX,ESR,ESTRELLA RESOURCES LIMITED,Materials
ETM.AX,ETM,ENERGY TRANSITION MINERALS LTD,Materials
EUR.AX,EUR,EUROPEAN LITHIUM LIMITED,Materials
EUZ.AX,EUZ,EUROPA METALS LTD,Materials
EV1.AX,EV1,EVOLUTION ENERGY MINERALS LIMITED,Materials
EV8.AX,EV8,EVERLAST MINERALS LTD.,Materials
EVE.AX,EVE,EVE HEALTH GROUP LIMITED.,Financial Services
EVG.AX,EVG,EVION GROUP NL,Materials
EVN.AX,EVN,EVOLUTION MINING LIMITED,Materials
EVO.AX,EVO,EMBARK EARLY EDUCATION LIMITED,Consumer Services
EVR.AX,EVR,EV RESOURCES LTD,Materials
EVT.AX,EVT,EVT LIMITED,Media & Entertainment
EVZ.AX,EVZ,EVZ LIMITED,Capital Goods
EWC.AX,EWC,ENERGY WORLD CORPORATION LTD,Utilities
EXL.AX,EXL,ELIXINOL WELLNESS LIMITED,Household & Personal Products
EXP.AX,EXP,EXPERIENCE CO LIMITED,Consumer Services
EXR.AX,EXR,ELIXIR ENERGY LIMITED,Energy
EXT.AX,EXT,EXCITE TECHNOLOGY SERVICES LTD,Software & Services
EYE.AX,EYE,NOVA EYE MEDICAL LIMITED,Health Care Equipment & Services
EZL.AX,EZL,EUROZ HARTLEYS GROUP LIMITED,Financial Services
EZZ.AX,EZZ,EZZ LIFE SCIENCE HOLDINGS LIMITED,Consumer Discretionary Distribution & Retail
FAL.AX,FAL,FALCON METALS LTD,Materials
FAR.AX,FAR,FAR LIMITED,Energy
FAU.AX,FAU,FIRST AU LIMITED,Materials
FBM.AX,FBM,FUTURE BATTERY MINERALS LIMITED,Materials
FBR.AX,FBR,FBR LTD,Capital Goods
FBU.AX,FBU,FLETCHER BUILDING LIMITED,Capital Goods
FCG.AX,FCG,FREEDOM CARE GROUP HOLDINGS LIMITED,Health Care Equipment & Services
FCL.AX,FCL,FINEOS CORPORATION HOLDINGS PLC,Software & Services
FCT.AX,FCT,FIRSTWAVE CLOUD TECHNOLOGY LIMITED,Software & Services
FDC.AX,FDC,FDC CONSOLIDATED HOLDINGS LIMITED,Capital Goods
FDR.AX,FDR,FINDER ENERGY HOLDINGS LIMITED,Energy
FDV.AX,FDV,FRONTIER DIGITAL VENTURES LIMITED,Media & Entertainment
FEG.AX,FEG,FAR EAST GOLD LTD,Materials
FEX.AX,FEX,FENIX RESOURCES LTD,Materials
FFF.AX,FFF,FORBIDDEN FOODS LIMITED,"Food, Beverage & Tobacco"
FFG.AX,FFG,FATFISH GROUP LIMITED,Financial Services
FFI.AX,FFI,FFI HOLDINGS LIMITED,"Food, Beverage & Tobacco"
FFM.AX,FFM,FIREFLY METALS LTD,Materials
FG1.AX,FG1,FLYNN GOLD LIMITED,Materials
FGH.AX,FGH,FORESTA GROUP HOLDINGS LIMITED,Materials
FGR.AX,FGR,FIRST GRAPHENE LIMITED,Materials
FHE.AX,FHE,FRONTIER ENERGY LIMITED,Materials
FHS.AX,FHS,FREEHILL MINING LIMITED.,Materials
FID.AX,FID,FIDUCIAN GROUP LIMITED,Financial Services
FIN.AX,FIN,FIN RESOURCES LIMITED,Materials
FL1.AX,FL1,FIRST LITHIUM LIMITED,Materials
FLC.AX,FLC,FLUENCE CORPORATION LIMITED,Utilities
FLN.AX,FLN,FREELANCER LIMITED,Commercial & Professional Services
FLT.AX,FLT,FLIGHT CENTRE TRAVEL GROUP LIMITED,Consumer Services
FLX.AX,FLX,FELIX GROUP HOLDINGS LTD,Software & Services
FME.AX,FME,FUTURE METALS NL,Energy
FMG.AX,FMG,FORTESCUE LTD,Materials
FML.AX,FML,FOCUS MINERALS LTD,Materials
FMR.AX,FMR,FMR RESOURCES LIMITED,Materials
FND.AX,FND,FINDI LIMITED,Software & Services
FNR.AX,FNR,FAR NORTHERN RESOURCES LIMITED,Materials
FNX.AX,FNX,FINEXIA FINANCIAL GROUP LIMITED,Financial Services
FOS.AX,FOS,FOS CAPITAL LTD,Capital Goods
FPH.AX,FPH,FISHER & PAYKEL HEALTHCARE CORPORATION LIMITED,Health Care Equipment & Services
FPR.AX,FPR,FLEETPARTNERS GROUP LIMITED,Financial Services
FRB.AX,FRB,FIREBIRD METALS LIMITED,Materials
FRE.AX,FRE,FIREBRICK PHARMA LIMITED,"Pharmaceuticals, Biotechnology & Life Sciences"
FRI.AX,FRI,FINBAR GROUP LIMITED,Real Estate Management & Development
FRM.AX,FRM,FARM PRIDE FOODS LIMITED,"Food, Beverage & Tobacco"
FRS.AX,FRS,FORRESTANIA RESOURCES LIMITED,Materials
FRW.AX,FRW,FREIGHTWAYS GROUP LIMITED,Transportation
FRX.AX,FRX,FLEXIROAM LIMITED,Telecommunication Services
FSA.AX,FSA,FSA GROUP LIMITED,Financial Services
FTL.AX,FTL,FIRETAIL RESOURCES LIMITED,Materials
FTZ.AX,FTZ,FERTOZ LIMITED,Materials
FUL.AX,FUL,FULCRUM LITHIUM LTD,Materials
FWD.AX,FWD,FLEETWOOD LIMITED,Consumer Durables & Apparel
FXG.AX,FXG,FELIX GOLD LIMITED,Materials
FZR.AX,FZR,FITZROY RIVER CORPORATION LTD,Energy
G11.AX,G11,G11 RESOURCES LIMITED,Materials
G50.AX,G50,G50 CORP LIMITED,Materials
G6M.AX,G6M,GROUP 6 METALS LIMITED,Materials
G88.AX,G88,GOLDEN MILE RESOURCES LTD,Materials
GAL.AX,GAL,GALILEO MINING LTD,Materials
GAP.AX,GAP,GALE PACIFIC LIMITED,Consumer Durables & Apparel
GAS.AX,GAS,STATE GAS LIMITED,Energy
GBE.AX,GBE,GLOBE METALS & MINING LIMITED,Materials
GBR.AX,GBR,GREAT BOULDER RESOURCES LIMITED,Materials
GBZ.AX,GBZ,GBM RESOURCES LIMITED,Materials
GCM.AX,GCM,GCM CORPORATION LIMITED,Materials
GCR.AX,GCR,GOLDEN CROSS RESOURCES LTD,Materials
GDF.AX,GDF,GARDA PROPERTY GROUP,Equity Real Estate Investment Trusts (REITs)
GDG.AX,GDG,GENERATION DEVELOPMENT GROUP LIMITED,Insurance
GDI.AX,GDI,GDI PROPERTY GROUP,Equity Real Estate Investment Trusts (REITs)
GDM.AX,GDM,GREAT DIVIDE MINING LTD,Materials
GDR.AX,GDR,GOLDEN DRAGON MINING LTD,Materials
GED.AX,GED,GOLDEN DEEPS LIMITED.,Materials
GEM.AX,GEM,G8 EDUCATION LIMITED,Consumer Services
GEN.AX,GEN,GENMIN LIMITED,Materials
GES.AX,GES,GENESIS RESOURCES LIMITED,Materials
GG1.AX,GG1,GREEN & GOLD MINERALS LIMITED,Materials
GGE.AX,GGE,GRAND GULF ENERGY LIMITED,Energy
GGP.AX,GGP,GREATLAND RESOURCES LIMITED,Materials
GGR.AX,GGR,GOLDEN GLOBE RESOURCES LTD.,Materials
GHM.AX,GHM,GOLDEN HORSE MINERALS LIMITED,Materials
GHY.AX,GHY,GOLD HYDROGEN LIMITED,Energy
GIB.AX,GIB,GIBB RIVER DIAMONDS LIMITED,Materials
GL1.AX,GL1,GLOBAL LITHIUM RESOURCES LIMITED,Materials
GLA.AX,GLA,GLADIATOR RESOURCES LIMITED,Materials
GLB.AX,GLB,GLOBE INTERNATIONAL LIMITED,Consumer Durables & Apparel
GLC.AX,GLC,GLENCORE PLC,Materials
GLE.AX,GLE,GLG CORP LTD,Consumer Durables & Apparel
GLF.AX,GLF,GEMLIFE COMMUNITIES GROUP,Real Estate Management & Development
GLH.AX,GLH,GLOBAL HEALTH LIMITED,Health Care Equipment & Services
GLL.AX,GLL,GALILEE ENERGY LIMITED,Energy
GLN.AX,GLN,GALAN LITHIUM LIMITED,Materials
GMD.AX,GMD,GENESIS MINERALS LIMITED,Materials
GMG.AX,GMG,GOODMAN GROUP,Equity Real Estate Investment Trusts (REITs)
GML.AX,GML,GATEWAY MINING LIMITED,Materials
GMN.AX,GMN,GOLD MOUNTAIN LIMITED,Materials
GNC.AX,GNC,GRAINCORP LIMITED,Consumer Staples Distribution & Retail
GNE.AX,GNE,GENESIS ENERGY LIMITED,Utilities
GNG.AX,GNG,GR ENGINEERING SERVICES LIMITED,Materials
GNM.AX,GNM,GREAT NORTHERN MINERALS LIMITED,Materials
GNP.AX,GNP,GENUSPLUS GROUP LTD,Capital Goods
GOW.AX,GOW,GOWING BROS LIMITED,Financial Services
GOZ.AX,GOZ,GROWTHPOINT PROPERTIES AUSTRALIA,Equity Real Estate Investment Trusts (REITs)
GPR.AX,GPR,GEOPACIFIC RESOURCES LTD,Materials
GPT.AX,GPT,GPT GROUP,Equity Real Estate Investment Trusts (REITs)
GQG.AX,GQG,GQG PARTNERS INC.,Financial Services
GR8.AX,GR8,GREAT DIRT RESOURCES LTD,Materials
GRE.AX,GRE,GREENTECH METALS LIMITED,Materials
GRL.AX,GRL,GODOLPHIN RESOURCES LIMITED,Materials
GRR.AX,GRR,GRANGE RESOURCES LIMITED.,Materials
GRS.AX,GRS,GWARDAR RESOURCES LIMITED,Materials
GRV.AX,GRV,GREENVALE ENERGY LTD,Energy
GRX.AX,GRX,GREENX METALS LIMITED,Materials
GSM.AX,GSM,GOLDEN STATE MINING LIMITED,Materials
GSN.AX,GSN,GREAT SOUTHERN MINING LIMITED,Materials
GSS.AX,GSS,GENETIC SIGNATURES LIMITED,"Pharmaceuticals, Biotechnology & Life Sciences"
GT1.AX,GT1,GREEN TECHNOLOGY METALS LIMITED,Materials
GTE.AX,GTE,GREAT WESTERN EXPLORATION LIMITED.,Materials
GTG.AX,GTG,GENETIC TECHNOLOGIES LIMITED,"Pharmaceuticals, Biotechnology & Life Sciences"
GTI.AX,GTI,GRATIFII LIMITED,Software & Services
GTK.AX,GTK,GENTRACK GROUP LIMITED,Software & Services
GTN.AX,GTN,GTN LIMITED,Media & Entertainment
GTR.AX,GTR,GTI ENERGY LTD,Materials
GUL.AX,GUL,GULLEWA LIMITED,Materials
GW1.AX,GW1,GREENWING RESOURCES LTD,Materials
GWA.AX,GWA,GWA GROUP LIMITED.,Capital Goods
GWR.AX,GWR,GWR GROUP LIMITED,Materials
GYG.AX,GYG,GUZMAN Y GOMEZ LIMITED,Consumer Services
H2G.AX,H2G,H2G LIMITED,Commercial & Professional Services
HAL.AX,HAL,HALO TECHNOLOGIES HOLDINGS LTD,Financial Services
HAR.AX,HAR,HARANGA RESOURCES LIMITED.,Materials
HAS.AX,HAS,HASTINGS TECHNOLOGY METALS LTD,Materials
HAV.AX,HAV,HAVILAH RESOURCES LIMITED,Materials
HAW.AX,HAW,HAWTHORN RESOURCES LIMITED,Materials
HCD.AX,HCD,HYDROCARBON DYNAMICS LIMITED,Energy
HCH.AX,HCH,HOT CHILI LIMITED,Materials
HCL.AX,HCL,HIGHCOM LIMITED,Capital Goods
HCT.AX,HCT,HOLISTA COLLTECH LIMITED,Household & Personal Products
HCW.AX,HCW,HEALTHCO HEALTHCARE AND WELLNESS REIT,Equity Real Estate Investment Trusts (REITs)
HDN.AX,HDN,HOMECO DAILY NEEDS REIT,Equity Real Estate Investment Trusts (REITs)
HE8.AX,HE8,HELIOS ENERGY LTD,Energy
HFR.AX,HFR,HIGHFIELD RESOURCES LIMITED,Materials
HFY.AX,HFY,HUBIFY LIMITED,Telecommunication Services
HGH.AX,HGH,HEARTLAND GROUP HOLDINGS LIMITED,Banks
HGO.AX,HGO,HILLGROVE RESOURCES LIMITED,Materials
HIO.AX,HIO,HAWSONS IRON LTD,Materials
HIQ.AX,HIQ,HITIQ LIMITED,Health Care Equipment & Services
HIT.AX,HIT,HITECH GROUP AUSTRALIA LIMITED,Commercial & Professional Services
HLI.AX,HLI,HELIA GROUP LIMITED,Financial Services
HLO.AX,HLO,HELLOWORLD TRAVEL LIMITED,Consumer Services
HLS.AX,HLS,HEALIUS LIMITED,Health Care Equipment & Services
HLX.AX,HLX,HELIX RESOURCES LIMITED,Materials
HMC.AX,HMC,HMC CAPITAL LIMITED,Financial Services
HMD.AX,HMD,HERAMED LIMITED,Health Care Equipment & Services
HMG.AX,HMG,HAMELIN GOLD LIMITED,Materials
HMI.AX,HMI,HIREMII LIMITED,Commercial & Professional Services
HMX.AX,HMX,HAMMER METALS LIMITED,Materials
HMY.AX,HMY,HARMONEY CORP LIMITED,Financial Services
HNG.AX,HNG,HANCOCK & GORE LTD,Capital Goods
HOR.AX,HOR,HORSESHOE METALS LIMITED,Materials
HPC.AX,HPC,THE HYDRATION PHARMACEUTICALS COMPANY LIMITED,Household & Personal Products
HPG.AX,HPG,HIPAGES GROUP HOLDINGS LTD,Media & Entertainment
HPR.AX,HPR,HIGH PEAK ROYALTIES LIMITED,Energy
HRE.AX,HRE,HEAVY RARE EARTHS LIMITED,Materials
HRN.AX,HRN,HORIZON GOLD LIMITED,Materials
HRZ.AX,HRZ,HORIZON MINERALS LIMITED,Materials
HSN.AX,HSN,HANSEN TECHNOLOGIES LIMITED,Software & Services
HT8.AX,HT8,HARRIS TECHNOLOGY GROUP LIMITED,Transportation
HTG.AX,HTG,HARVEST TECHNOLOGY GROUP LTD,Technology Hardware & Equipment
HTM.AX,HTM,HIGH-TECH METALS LTD,Materials
HUB.AX,HUB,HUB24 LIMITED,Financial Services
HUM.AX,HUM,HUMM GROUP LIMITED,Financial Services
HVN.AX,HVN,HARVEY NORMAN HOLDINGS LIMITED,Consumer Discretionary Distribution & Retail
HVY.AX,HVY,HEAVY MINERALS LIMITED,Materials
HXG.AX,HXG,HEXAGON ENERGY MATERIALS LIMITED,Materials
HXL.AX,HXL,HEXIMA LIMITED.,"Pharmaceuticals, Biotechnology & Life Sciences"
HYD.AX,HYD,HYDRIX LIMITED,Technology Hardware & Equipment
HYT.AX,HYT,HYTERRA LTD,Energy
HZN.AX,HZN,HORIZON OIL LIMITED,Energy
HZR.AX,HZR,HAZER GROUP LIMITED,Materials
I88.AX,I88,INFINI RESOURCES LIMITED,Materials
IAG.AX,IAG,INSURANCE AUSTRALIA GROUP LIMITED,Insurance
IAM.AX,IAM,INCOME ASSET MANAGEMENT GROUP LIMITED.,Financial Services
IBG.AX,IBG,IRONBARK ZINC LTD,Materials
IBX.AX,IBX,IMAGION BIOSYSTEMS LIMITED,Health Care Equipment & Services
ICE.AX,ICE,ICETANA LIMITED,Software & Services
ICL.AX,ICL,ICENI GOLD LIMITED,Materials
ICR.AX,ICR,INTELICARE HOLDINGS LIMITED,Health Care Equipment & Services
ICU.AX,ICU,INVESTOR CENTRE LIMITED,Financial Services
ID1.AX,ID1,IDENTIFAI GENETICS LIMITED,Class Pend
ID8.AX,ID8,IDENTITII LIMITED,Software & Services
IDA.AX,IDA,INDIANA RESOURCES LIMITED,Materials
IDT.AX,IDT,IDT AUSTRALIA LIMITED,"Pharmaceuticals, Biotechnology & Life Sciences"
IDX.AX,IDX,INTEGRAL DIAGNOSTICS LIMITED,Health Care Equipment & Services
IEC.AX,IEC,INTRA ENERGY CORPORATION LIMITED,Energy
IEL.AX,IEL,IDP EDUCATION LIMITED,Consumer Services
IEQ.AX,IEQ,INTERNATIONAL EQUITIES CORPORATION LIMITED.,Real Estate Management & Development
IFN.AX,IFN,INFRAGREEN GROUP LIMITED,Commercial & Professional Services
IFT.AX,IFT,INFRATIL LIMITED.,Capital Goods
IG6.AX,IG6,INTERNATIONAL GRAPHITE LIMITED,Capital Goods
IGL.AX,IGL,IVE GROUP LIMITED,Media & Entertainment
IGN.AX,IGN,IGNITE LIMITED,Commercial & Professional Services
IGO.AX,IGO,IGO LIMITED,Materials
IIC.AX,IIC,ILLUMINATOR INVESTMENT COMPANY LIMITED,Class Pend
IIQ.AX,IIQ,INOVIQ LTD,Health Care Equipment & Services
IKE.AX,IKE,IKEGPS GROUP LIMITED,Technology Hardware & Equipment
ILA.AX,ILA,ISLAND PHARMACEUTICALS LIMITED,"Pharmaceuticals, Biotechnology & Life Sciences"
ILT.AX,ILT,ILTANI RESOURCES LIMITED.,Materials
ILU.AX,ILU,ILUKA RESOURCES LIMITED,Materials
IMA.AX,IMA,IMAGE RESOURCES NL,Materials
IMB.AX,IMB,INTELLIGENT MONITORING GROUP LIMITED,Commercial & Professional Services
IMC.AX,IMC,IMMURON LIMITED,"Pharmaceuticals, Biotechnology & Life Sciences"
IMD.AX,IMD,IMDEX LIMITED,Materials
IME.AX,IME,IMEXHS LIMITED,Health Care Equipment & Services
IMI.AX,IMI,INFINITY MINING LIMITED,Materials
IMM.AX,IMM,IMMUTEP LIMITED,"Pharmaceuticals, Biotechnology & Life Sciences"
IMR.AX,IMR,IMRICOR MEDICAL SYSTEMS INC.,Health Care Equipment & Services
IMU.AX,IMU,IMUGENE LIMITED,"Pharmaceuticals, Biotechnology & Life Sciences"
INA.AX,INA,INGENIA COMMUNITIES GROUP,Equity Real Estate Investment Trusts (REITs)
IND.AX,IND,INDUSTRIAL MINERALS LTD,Materials
INF.AX,INF,INFINITY METALS LIMITED,Materials
ING.AX,ING,INGHAMS GROUP LIMITED,"Food, Beverage & Tobacco"
INN.AX,INN,INNOVAERO TECHNOLOGIES LIMITED,Capital Goods
INR.AX,INR,IONEER LTD,Materials
INV.AX,INV,INVESTSMART GROUP LIMITED,Financial Services
IOD.AX,IOD,IODM LIMITED,Software & Services
ION.AX,ION,IONDRIVE LIMITED,Materials
IPB.AX,IPB,IPB PETROLEUM LIMITED,Energy
IPC.AX,IPC,IMPERIAL PACIFIC LIMITED,Financial Services
IPD.AX,IPD,IMPEDIMED LIMITED,Health Care Equipment & Services
IPG.AX,IPG,IPD GROUP LTD,Capital Goods
IPH.AX,IPH,IPH LIMITED,Commercial & Professional Services
IPL.AX,IPL,INCITEC PIVOT LIMITED,Materials
IPT.AX,IPT,IMPACT MINERALS LIMITED,Materials
IPX.AX,IPX,IPERIONX LIMITED,Materials
IR1.AX,IR1,IRIS METALS LIMITED,Materials
IRD.AX,IRD,IRON ROAD LIMITED,Materials
IRE.AX,IRE,IRESS LIMITED,Software & Services
IRI.AX,IRI,INTEGRATED RESEARCH LIMITED,Software & Services
IS3.AX,IS3,I SYNERGY GROUP LIMITED,Software & Services
ITM.AX,ITM,ITECH MINERALS LTD,Materials
IVR.AX,IVR,INVESTIGATOR SILVER LIMITED,Materials
IVX.AX,IVX,INVION LIMITED,"Pharmaceuticals, Biotechnology & Life Sciences"
IVZ.AX,IVZ,INVICTUS ENERGY LTD,Energy
IXC.AX,IXC,INVEX THERAPEUTICS LTD,"Pharmaceuticals, Biotechnology & Life Sciences"
IXR.AX,IXR,IONIC RARE EARTHS LIMITED,Materials
JAL.AX,JAL,JAMESON RESOURCES LIMITED,Materials
JAN.AX,JAN,JANISON EDUCATION GROUP LIMITED,Software & Services
JAT.AX,JAT,JATCORP LIMITED,Consumer Discretionary Distribution & Retail
JAV.AX,JAV,JAVELIN MINERALS LIMITED,Materials
JBH.AX,JBH,JB HI-FI LIMITED,Consumer Discretionary Distribution & Retail
JBY.AX,JBY,JAMES BAY MINERALS LIMITED,Materials
JCS.AX,JCS,JCURVE SOLUTIONS LTD,Software & Services
JDO.AX,JDO,JUDO CAPITAL HOLDINGS LIMITED,Banks
JGH.AX,JGH,JADE GAS HOLDINGS LIMITED,Materials
JHX.AX,JHX,JAMES HARDIE INDUSTRIES PLC,Materials
JIN.AX,JIN,JUMBO INTERACTIVE LIMITED,Consumer Services
JLL.AX,JLL,JINDALEE LITHIUM LIMITED,Materials
JMS.AX,JMS,JUPITER MINES LIMITED.,Materials
JNO.AX,JNO,JUNO MINERALS LIMITED,Materials
JPR.AX,JPR,JUPITER ENERGY LIMITED,Energy
JRL.AX,JRL,JACARANDA NATURAL RESOURCES LIMITED,Class Pend
JYC.AX,JYC,JOYCE CORPORATION LTD,Consumer Discretionary Distribution & Retail
KAI.AX,KAI,KAIROS MINERALS LIMITED,Materials
KAL.AX,KAL,KALGOORLIE GOLD MINING LIMITED,Materials
KAM.AX,KAM,K2 ASSET MANAGEMENT HOLDINGS LTD,Financial Services
KAO.AX,KAO,KAOKO METALS LIMITED,Materials
KAR.AX,KAR,KAROON ENERGY LTD,Energy
KAU.AX,KAU,KAISER REEF LIMITED,Materials
KCC.AX,KCC,KINCORA COPPER LIMITED,Materials
KCN.AX,KCN,KINGSGATE CONSOLIDATED LIMITED.,Materials
KEY.AX,KEY,KEY PETROLEUM LIMITED,Energy
KFM.AX,KFM,KINGFISHER MINING LTD,Materials
KGL.AX,KGL,KGL RESOURCES LIMITED,Materials
KGN.AX,KGN,KOGAN.COM LTD,Consumer Discretionary Distribution & Retail
KIT.AX,KIT,KAPSTREAM INVESTMENT TRUST,Class Pend
KKO.AX,KKO,KINETIKO ENERGY LTD,Energy
KLI.AX,KLI,KILLI RESOURCES LIMITED,Materials
KLR.AX,KLR,KAILI RESOURCES LIMITED,Energy
KLS.AX,KLS,KELSIAN GROUP LIMITED,Transportation
KM1.AX,KM1,KALI METALS LIMITED,Materials
KMD.AX,KMD,KMD BRANDS LIMITED,Consumer Discretionary Distribution & Retail
KME.AX,KME,KIP MCGRATH EDUCATION CENTRES LIMITED,Consumer Services
KNB.AX,KNB,KOONENBERRY GOLD LIMITED,Materials
KNG.AX,KNG,KINGSLAND MINERALS LTD,Materials
KNI.AX,KNI,KUNIKO LIMITED,Materials
KNO.AX,KNO,KNOSYS LIMITED,Software & Services
KOA.AX,KOA,THE KOALA COMPANY LIMITED,Consumer Discretionary Distribution & Retail
KOB.AX,KOB,KOBA RESOURCES LIMITED,Materials
KOV.AX,KOV,KORVEST LTD,Capital Goods
KP2.AX,KP2,KORE POTASH PLC,Materials
KPG.AX,KPG,KELLY PARTNERS GROUP HOLDINGS LIMITED,Commercial & Professional Services
KPO.AX,KPO,KALINA POWER LIMITED,Utilities
KRM.AX,KRM,KINGSROSE MINING LIMITED,Materials
KRR.AX,KRR,KING RIVER RESOURCES LIMITED,Materials
KSC.AX,KSC,K & S CORPORATION LIMITED,Transportation
KSL.AX,KSL,KINA SECURITIES LIMITED,Banks
KSN.AX,KSN,KINGSTON RESOURCES LIMITED,Materials
KTA.AX,KTA,KRAKATOA RESOURCES LIMITED,Materials
KTG.AX,KTG,K-TIG LIMITED,Capital Goods
KTK.AX,KTK,KTEK AEROSYSTEMS LTD,Capital Goods
KYP.AX,KYP,KINATICO LTD,Software & Services
KZR.AX,KZR,KALAMAZOO RESOURCES LIMITED,Materials
L1M.AX,L1M,LIGHTNING MINERALS LTD,Materials
LAM.AX,LAM,LARAMIDE RESOURCES LTD,Energy
LAT.AX,LAT,LATITUDE 66 LIMITED,Materials
LAU.AX,LAU,LINDSAY AUSTRALIA LIMITED,Transportation
LBL.AX,LBL,LASERBOND LIMITED,Capital Goods
LBT.AX,LBT,LBT INNOVATIONS LIMITED,Health Care Equipment & Services
LCE.AX,LCE,LONDON CITY EQUITIES LIMITED,Financial Services
LCL.AX,LCL,LCL RESOURCES LIMITED,Materials
LCY.AX,LCY,LEGACY IRON ORE LIMITED,Materials
LDR.AX,LDR,LODE RESOURCES LTD,Materials
LDX.AX,LDX,LUMOS DIAGNOSTICS HOLDINGS LIMITED,Health Care Equipment & Services
LEG.AX,LEG,LEGEND MINING LIMITED,Materials
LEL.AX,LEL,LE MINERALS LIMITED,Materials
LEX.AX,LEX,LEFROY EXPLORATION LIMITED,Materials
LFG.AX,LFG,LIBERTY FINANCIAL GROUP,Financial Services
LFS.AX,LFS,LATITUDE GROUP HOLDINGS LIMITED,Financial Services
LFT.AX,LFT,LI-FT POWER LTD.,Materials
LGI.AX,LGI,LGI LIMITED,Utilities
LGM.AX,LGM,LEGACY MINERALS HOLDINGS LIMITED,Materials
LGP.AX,LGP,LITTLE GREEN PHARMA LTD,"Pharmaceuticals, Biotechnology & Life Sciences"
LIC.AX,LIC,LIFESTYLE COMMUNITIES LIMITED,Real Estate Management & Development
LIN.AX,LIN,LINDIAN RESOURCES LIMITED,Materials
LIO.AX,LIO,LION ENERGY LIMITED,Energy
LIS.AX,LIS,LI-S ENERGY LIMITED,Capital Goods
LIT.AX,LIT,LIVIUM LTD,Materials
LKE.AX,LKE,LAKE RESOURCES N.L.,Materials
LKO.AX,LKO,LAKES BLUE ENERGY NL,Energy
LKY.AX,LKY,LOCKSLEY RESOURCES LIMITED,Materials
LLC.AX,LLC,LENDLEASE GROUP,Real Estate Management & Development
LLI.AX,LLI,LOYAL LITHIUM LIMITED,Materials
LM1.AX,LM1,LEEUWIN METALS LTD,Materials
LM8.AX,LM8,LUNNON METALS LIMITED,Materials
LMG.AX,LMG,LATROBE MAGNESIUM LIMITED,Materials
LML.AX,LML,LINCOLN MINERALS LIMITED,Materials
LMS.AX,LMS,LITCHFIELD MINERALS LIMITED,Materials
LNQ.AX,LNQ,LINQ MINERALS LIMITED,Materials
LNR.AX,LNR,LANTHANEIN RESOURCES LTD,Materials
LNU.AX,LNU,LINIUS TECHNOLOGIES LIMITED,Software & Services
LNW.AX,LNW,LIGHT & WONDER INC.,Consumer Services
LOT.AX,LOT,LOTUS RESOURCES LIMITED,Materials
LOV.AX,LOV,LOVISA HOLDINGS LIMITED,Consumer Discretionary Distribution & Retail
LPE.AX,LPE,LOCALITY PLANNING ENERGY HOLDINGS LIMITED,Utilities
LPM.AX,LPM,LITHIUM PLUS MINERALS LTD.,Materials
LRD.AX,LRD,LORD RESOURCES LIMITED,Materials
LRK.AX,LRK,LARK DISTILLING CO. LTD,"Food, Beverage & Tobacco"
LRL.AX,LRL,LABYRINTH RESOURCES LIMITED,Materials
LRV.AX,LRV,LARVOTTO RESOURCES LIMITED,Materials
LSA.AX,LSA,LACHLAN STAR LIMITED,Materials
LSR.AX,LSR,LODESTAR MINERALS LIMITED,Materials
LTP.AX,LTP,LTR PHARMA LIMITED,"Pharmaceuticals, Biotechnology & Life Sciences"
LTR.AX,LTR,LIONTOWN LIMITED,Materials
LU7.AX,LU7,LITHIUM UNIVERSE LIMITED,Materials
LUX.AX,LUX,LUX COPPER CORP. LTD,Materials
LV1.AX,LV1,LIVE VERDURE LTD,"Food, Beverage & Tobacco"
LVE.AX,LVE,LOVE GROUP GLOBAL LTD,Software & Services
LYC.AX,LYC,LYNAS RARE EARTHS LIMITED,Materials
LYK.AX,LYK,LYKOS METALS LIMITED,Materials
LYL.AX,LYL,LYCOPODIUM LIMITED,Capital Goods
LYN.AX,LYN,LYCAON RESOURCES LTD,Materials
M24.AX,M24,MAMBA EXPLORATION LIMITED,Materials
M2M.AX,M2M,MT MALCOLM MINES NL,Materials
M2R.AX,M2R,MIRAMAR RESOURCES LIMITED,Materials
M3M.AX,M3M,M3 MINING LIMITED,Materials
M4M.AX,M4M,MACRO METALS LIMITED,Materials
M7T.AX,M7T,MACH7 TECHNOLOGIES LIMITED,Health Care Equipment & Services
MAD.AX,MAD,MADER GROUP LIMITED,Commercial & Professional Services
MAF.AX,MAF,MA FINANCIAL GROUP LIMITED,Financial Services
MAG.AX,MAG,MAGMATIC RESOURCES LIMITED,Materials
MAH.AX,MAH,MACMAHON HOLDINGS LIMITED,Materials
MAM.AX,MAM,MICROEQUITIES ASSET MANAGEMENT GROUP LIMITED,Financial Services
MAN.AX,MAN,MANDRAKE RESOURCES LIMITED,Materials
MAP.AX,MAP,MICROBA LIFE SCIENCES LIMITED,Health Care Equipment & Services
MAQ.AX,MAQ,MACQUARIE TECHNOLOGY GROUP LIMITED,Software & Services
MAT.AX,MAT,MATSA RESOURCES LIMITED,Materials
MAY.AX,MAY,MELBANA ENERGY LIMITED,Energy
MBG.AX,MBG,MB GOLD LIMITED,Materials
MBH.AX,MBH,MAGGIE BEER HOLDINGS LTD,"Food, Beverage & Tobacco"
MBK.AX,MBK,METAL BANK LIMITED,Materials
MBX.AX,MBX,MY FOODIE BOX LIMITED,Consumer Staples Distribution & Retail
MC2.AX,MC2,MARIMACA COPPER CORP.,Materials
MCA.AX,MCA,MURRAY COD AUSTRALIA LIMITED,"Food, Beverage & Tobacco"
MCM.AX,MCM,MC MINING LIMITED,Energy
MCP.AX,MCP,MCPHERSON'S LIMITED,Household & Personal Products
MCT.AX,MCT,METALICITY LIMITED,Materials
MCY.AX,MCY,MERCURY NZ LIMITED,Utilities
MDI.AX,MDI,MIDDLE ISLAND RESOURCES LIMITED,Materials
MDR.AX,MDR,MEDADVISOR LIMITED,Health Care Equipment & Services
MDX.AX,MDX,MINDAX LIMITED,Materials
MEC.AX,MEC,MORPHIC ETHICAL EQUITIES FUND LIMITED,Financial Services
MEG.AX,MEG,MEGADO MINERALS LTD,Materials
MEI.AX,MEI,METEORIC RESOURCES LIMITED,Materials
MEK.AX,MEK,MEEKA METALS LIMITED,Materials
MEL.AX,MEL,METGASCO LTD,Energy
MEM.AX,MEM,MEMPHASYS LIMITED.,"Pharmaceuticals, Biotechnology & Life Sciences"
MEU.AX,MEU,MARMOTA LIMITED,Energy
MEZ.AX,MEZ,MERIDIAN ENERGY LIMITED,Utilities
MFD.AX,MFD,MAYFIELD CHILDCARE LIMITED,Consumer Services
MFG.AX,MFG,MAGELLAN FINANCIAL GROUP LIMITED,Financial Services
MGA.AX,MGA,METALSGROVE MINING LTD,Materials
MGH.AX,MGH,MAAS GROUP HOLDINGS LIMITED,Capital Goods
MGL.AX,MGL,MAGONTEC LIMITED,Materials
MGR.AX,MGR,MIRVAC GROUP,Equity Real Estate Investment Trusts (REITs)
MGT.AX,MGT,MAGNETITE MINES LIMITED.,Materials
MGU.AX,MGU,MAGNUM MINING AND EXPLORATION LIMITED,Materials
MGX.AX,MGX,MGX RESOURCES LIMITED,Materials
MHC.AX,MHC,MANHATTAN GOLD CORPORATION LIMITED,Energy
MHJ.AX,MHJ,MICHAEL HILL INTERNATIONAL LIMITED,Consumer Discretionary Distribution & Retail
MHK.AX,MHK,METAL HAWK LIMITED.,Materials
MHM.AX,MHM,MOUNT HOPE MINING LIMITED,Materials
MI6.AX,MI6,MINERALS 260 LIMITED,Materials
MIN.AX,MIN,MINERAL RESOURCES LIMITED,Materials
MIO.AX,MIO,MACARTHUR MINERALS LIMITED,Materials
MKL.AX,MKL,MIGHTY KINGDOM LIMITED,Media & Entertainment
MKR.AX,MKR,MANUKA RESOURCES LTD.,Materials
MKT.AX,MKT,THE MARKET LIMITED,Media & Entertainment
ML8.AX,ML8,MOONLIGHT RESOURCES LTD,Materials
MLG.AX,MLG,MLG OZ LIMITED,Materials
MLS.AX,MLS,METALS AUSTRALIA LTD,Materials
MLX.AX,MLX,METALS X LIMITED,Materials
MM1.AX,MM1,MIDAS MINERALS LTD,Materials
MM8.AX,MM8,MEDALLION METALS LIMITED.,Materials
MMA.AX,MMA,MARONAN METALS LIMITED,Materials
MME.AX,MME,MONEYME LIMITED,Financial Services
MMI.AX,MMI,METRO MINING LIMITED,Materials
MMR.AX,MMR,MEC RESOURCES LIMITED,Energy
MMS.AX,MMS,MCMILLAN SHAKESPEARE LIMITED,Commercial & Professional Services
MNB.AX,MNB,MINBOS RESOURCES LIMITED,Materials
MNC.AX,MNC,MERINO & CO. LIMITED,Consumer Durables & Apparel
MND.AX,MND,MONADELPHOUS GROUP LIMITED,Capital Goods
MNE.AX,MNE,MACALLUM NEW ENERGY LIMITED,Energy
MNV.AX,MNV,MONVIA LIMITED,Software & Services
MOH.AX,MOH,MOHO RESOURCES LIMITED,Materials
MOM.AX,MOM,MOAB MINERALS LIMITED,Materials
MOV.AX,MOV,MOVE LOGISTICS GROUP LIMITED,Transportation
MP1.AX,MP1,MEGAPORT LIMITED,Software & Services
MPK.AX,MPK,MANY PEAKS MINERALS LTD,Materials
MPL.AX,MPL,MEDIBANK PRIVATE LIMITED,Insurance
MPP.AX,MPP,METRO PERFORMANCE GLASS LIMITED,Capital Goods
MPR.AX,MPR,MPR AUSTRALIA LIMITED,Financial Services
MPX.AX,MPX,MUSTERA PROPERTY GROUP LIMITED,Real Estate Management & Development
MQG.AX,MQG,MACQUARIE GROUP LIMITED,Financial Services
MQR.AX,MQR,MARQUEE RESOURCES LIMITED,Materials
MRD.AX,MRD,MOUNT RIDLEY MINES LIMITED,Materials
MRI.AX,MRI,MY REWARDS INTERNATIONAL LIMITED,Commercial & Professional Services
MRQ.AX,MRQ,MRG METALS LIMITED,Materials
MRR.AX,MRR,MINREX RESOURCES LIMITED,Materials
MRZ.AX,MRZ,MONT ROYAL RESOURCES LIMITED,Materials
MSB.AX,MSB,MESOBLAST LIMITED,"Pharmaceuticals, Biotechnology & Life Sciences"
MSG.AX,MSG,MCS SERVICES LIMITED,Commercial & Professional Services
MSI.AX,MSI,MULTISTACK INTERNATIONAL LIMITED,Capital Goods
MSV.AX,MSV,MITCHELL SERVICES LIMITED,Materials
MTB.AX,MTB,MOUNT BURGESS MINING NL,Materials
MTC.AX,MTC,METALSTECH LIMITED,Materials
MTH.AX,MTH,MITHRIL SILVER AND GOLD LIMITED,Materials
MTL.AX,MTL,MANTLE MINERALS LIMITED,Materials
MTM.AX,MTM,METALLIUM LIMITED,Materials
MTO.AX,MTO,MOTORCYCLE HOLDINGS LIMITED,Consumer Discretionary Distribution & Retail
MTS.AX,MTS,METCASH LIMITED,Consumer Staples Distribution & Retail
MTX.AX,MTX,MATRIX CRITICAL MINERALS LIMITED,Class Pend
MVF.AX,MVF,MONASH IVF GROUP LIMITED,Health Care Equipment & Services
MVL.AX,MVL,MARVEL GOLD LIMITED,Materials
MVP.AX,MVP,MEDICAL DEVELOPMENTS INTERNATIONAL LIMITED,"Pharmaceuticals, Biotechnology & Life Sciences"
MX1.AX,MX1,MICRO-X LIMITED,Health Care Equipment & Services
MXI.AX,MXI,MAXIPARTS LIMITED,Capital Goods
MXO.AX,MXO,MOTIO LTD,Media & Entertainment
MYE.AX,MYE,MASTERMYNE GROUP LIMITED,Materials
MYG.AX,MYG,MAYFIELD GROUP HOLDINGS LIMITED,Capital Goods
MYR.AX,MYR,MYER HOLDINGS LIMITED,Consumer Discretionary Distribution & Retail
MYS.AX,MYS,MYSTATE LIMITED,Banks
MYX.AX,MYX,MAYNE PHARMA GROUP LIMITED,"Pharmaceuticals, Biotechnology & Life Sciences"
N1H.AX,N1H,N1 HOLDINGS LIMITED,Financial Services
NAB.AX,NAB,NATIONAL AUSTRALIA BANK LIMITED,Banks
NAE.AX,NAE,NEW AGE EXPLORATION LIMITED,Energy
NAG.AX,NAG,NAGAMBIE RESOURCES LIMITED,Materials
NAN.AX,NAN,NANOSONICS LIMITED,Health Care Equipment & Services
NC1.AX,NC1,NICO RESOURCES LIMITED,Materials
NC6.AX,NC6,NANOLLOSE LIMITED,"Pharmaceuticals, Biotechnology & Life Sciences"
NCK.AX,NCK,NICK SCALI LIMITED,Consumer Discretionary Distribution & Retail
NCR.AX,NCR,NCR RESOURCES LIMITED,Materials
NDO.AX,NDO,NIDO EDUCATION LIMITED,Consumer Services
NEC.AX,NEC,NINE ENTERTAINMENT CO. HOLDINGS LIMITED,Media & Entertainment
NEM.AX,NEM,NEWMONT CORPORATION,Materials
NES.AX,NES,NELSON RESOURCES LIMITED.,Materials
NEU.AX,NEU,NEUREN PHARMACEUTICALS LIMITED,"Pharmaceuticals, Biotechnology & Life Sciences"
NFL.AX,NFL,NORFOLK METALS LIMITED,Materials
NGI.AX,NGI,NAVIGATOR GLOBAL INVESTMENTS LIMITED,Financial Services
NGS.AX,NGS,NUTRITIONAL GROWTH SOLUTIONS LTD,Household & Personal Products
NGX.AX,NGX,NGX LIMITED,Materials
NGY.AX,NGY,NUENERGY GAS LIMITED,Energy
NHC.AX,NHC,NEW HOPE CORPORATION LIMITED,Energy
NHE.AX,NHE,NOBLE HELIUM LIMITED,Energy
NHF.AX,NHF,NIB HOLDINGS LIMITED,Insurance
NHU.AX,NHU,NEU HORIZON URANIUM LIMITED,Energy
NIC.AX,NIC,NICKEL INDUSTRIES LIMITED,Materials
NIM.AX,NIM,NIMY RESOURCES LIMITED,Materials
NIS.AX,NIS,NICKELSEARCH LIMITED,Materials
NMD.AX,NMD,NORMANDY MINERALS LTD,Class Pend
NME.AX,NME,NEX METALS EXPLORATION LIMITED,Materials
NMG.AX,NMG,NEW MURCHISON GOLD LIMITED,Materials
NML.AX,NML,NAVARRE MINERALS LIMITED,Materials
NMR.AX,NMR,NATIVE MINERAL RESOURCES HOLDINGS LIMITED,Materials
NMT.AX,NMT,NEOMETALS LTD,Materials
NNL.AX,NNL,NORDIC RESOURCES LTD,Materials
NOL.AX,NOL,NOBLEOAK LIFE LIMITED,Insurance
NOR.AX,NOR,NORWOOD SYSTEMS LIMITED,Software & Services
NOU.AX,NOU,NOUMI LIMITED,"Food, Beverage & Tobacco"
NOV.AX,NOV,NOVATTI GROUP LIMITED,Software & Services
NOX.AX,NOX,NOXOPHARM LIMITED,"Pharmaceuticals, Biotechnology & Life Sciences"
NPM.AX,NPM,NEWPEAK METALS LIMITED,Materials
NRX.AX,NRX,NORONEX LIMITED,Materials
NRZ.AX,NRZ,NEURIZER LTD,Materials
NSB.AX,NSB,NEUROSCIENTIFIC BIOPHARMACEUTICALS LTD,"Pharmaceuticals, Biotechnology & Life Sciences"
NSM.AX,NSM,NORTH STAWELL MINERALS LTD,Materials
NST.AX,NST,NORTHERN STAR RESOURCES LTD,Materials
NTD.AX,NTD,NTAW HOLDINGS LIMITED,Consumer Discretionary Distribution & Retail
NTI.AX,NTI,NEUROTECH INTERNATIONAL LIMITED,Health Care Equipment & Services
NTM.AX,NTM,NT MINERALS LIMITED,Materials
NTU.AX,NTU,NORTHERN MINERALS LIMITED,Materials
NUC.AX,NUC,NUCHEV LIMITED,"Food, Beverage & Tobacco"
NUF.AX,NUF,NUFARM LIMITED,Materials
NVA.AX,NVA,NOVA MINERALS CORP,Materials
NVO.AX,NVO,NOVO RESOURCES CORP.,Materials
NVQ.AX,NVQ,NOVIQTECH LIMITED,Software & Services
NVU.AX,NVU,NANOVEU LIMITED,Technology Hardware & Equipment
NVX.AX,NVX,NOVONIX LIMITED,Technology Hardware & Equipment
NWH.AX,NWH,NRW HOLDINGS LIMITED,Capital Goods
NWL.AX,NWL,NETWEALTH GROUP LIMITED,Financial Services
NWM.AX,NWM,NORWEST MINERALS LIMITED,Materials
NWS.AX,NWS,NEWS CORPORATION..,Media & Entertainment
NX1.AX,NX1,NEXALIS THERAPEUTICS LTD,"Pharmaceuticals, Biotechnology & Life Sciences"
NXD.AX,NXD,NEXTED GROUP LIMITED,Consumer Services
NXG.AX,NXG,NEXGEN ENERGY (CANADA) LTD,Energy
NXL.AX,NXL,NUIX LIMITED,Software & Services
NXM.AX,NXM,NEXUS MINERALS LIMITED,Materials
NXN.AX,NXN,NEXSEN LIMITED,"Pharmaceuticals, Biotechnology & Life Sciences"
NXT.AX,NXT,NEXTDC LIMITED,Software & Services
NYM.AX,NYM,NARRYER METALS LIMITED,Materials
NYR.AX,NYR,NYRADA INC.,"Pharmaceuticals, Biotechnology & Life Sciences"
NZK.AX,NZK,NEW ZEALAND KING SALMON INVESTMENTS LIMITED,"Food, Beverage & Tobacco"
NZM.AX,NZM,NZME LIMITED,Media & Entertainment
OAK.AX,OAK,OAKRIDGE INTERNATIONAL LIMITED,Software & Services
OAR.AX,OAR,OAR RESOURCES LIMITED,Materials
OBL.AX,OBL,OMNI BRIDGEWAY LIMITED,Financial Services
OBM.AX,OBM,ORA BANDA MINING LTD,Materials
OCA.AX,OCA,OCEANIA HEALTHCARE LIMITED,Health Care Equipment & Services
OCC.AX,OCC,ORTHOCELL LIMITED,"Pharmaceuticals, Biotechnology & Life Sciences"
OCL.AX,OCL,OBJECTIVE CORPORATION LIMITED,Software & Services
OCN.AX,OCN,OCEANA METALS LIMITED,Materials
OCT.AX,OCT,OCTAVA MINERALS LIMITED,Materials
OD6.AX,OD6,OD6 METALS LIMITED,Materials
ODA.AX,ODA,ORCODA LIMITED,Software & Services
ODE.AX,ODE,ODESSA MINERALS LIMITED,Materials
ODY.AX,ODY,ODYSSEY GOLD LTD,Materials
OEC.AX,OEC,ORBITAL CORPORATION LIMITED,Capital Goods
OEL.AX,OEL,OTTO ENERGY LIMITED,Energy
OEQ.AX,OEQ,ORION EQUITIES LIMITED,Financial Services
OFX.AX,OFX,OFX GROUP LIMITED,Financial Services
OIL.AX,OIL,OPTISCAN IMAGING LIMITED,Health Care Equipment & Services
OJC.AX,OJC,THE ORIGINAL JUICE CO. LTD,"Food, Beverage & Tobacco"
OKJ.AX,OKJ,OAKAJEE CORPORATION LIMITED,Materials
OLI.AX,OLI,OLIVER'S REAL FOOD LIMITED,Consumer Services
OLL.AX,OLL,OPENLEARNING LIMITED,Software & Services
OLY.AX,OLY,OLYMPIO METALS LIMITED,Materials
OM1.AX,OM1,OMNIA METALS GROUP LTD,Materials
OMA.AX,OMA,OMEGA OIL & GAS LIMITED,Energy
OMH.AX,OMH,OM HOLDINGS LIMITED,Materials
OML.AX,OML,OOH!MEDIA LIMITED,Media & Entertainment
OMX.AX,OMX,ORANGE MINERALS NL,Materials
ONE.AX,ONE,ONEVIEW HEALTHCARE PLC,Health Care Equipment & Services
OPL.AX,OPL,OPYL LIMITED,Software & Services
OPT.AX,OPT,OPTHEA LIMITED,"Pharmaceuticals, Biotechnology & Life Sciences"
ORA.AX,ORA,ORORA LIMITED,Materials
ORD.AX,ORD,ORDELL MINERALS LIMITED,Materials
ORE.AX,ORE,OREZONE GOLD CORPORATION,Materials
ORG.AX,ORG,ORIGIN ENERGY LIMITED,Utilities
ORI.AX,ORI,ORICA LIMITED,Materials
ORN.AX,ORN,ORION MINERALS LTD,Materials
ORP.AX,ORP,ORPHEUS URANIUM LIMITED,Materials
OSL.AX,OSL,ONCOSIL MEDICAL LTD,"Pharmaceuticals, Biotechnology & Life Sciences"
OSM.AX,OSM,OSMOND RESOURCES LIMITED,Materials
OSX.AX,OSX,OSTEOPORE LIMITED,Health Care Equipment & Services
OVT.AX,OVT,OVANTI LIMITED,Media & Entertainment
OWL.AX,OWL,OVERWATCH TECHNOLOGIES LIMITED,Class Pend
OZM.AX,OZM,OZAURUM RESOURCES LIMITED,Materials
OZZ.AX,OZZ,OZZ RESOURCES LIMITED,Materials
PAB.AX,PAB,PATRYS LIMITED,"Pharmaceuticals, Biotechnology & Life Sciences"
PAC.AX,PAC,PACIFIC CURRENT GROUP LIMITED,Financial Services
PAF.AX,PAF,PAN AFRICAN RESOURCES PLC,Class Pend
PAM.AX,PAM,PAN ASIA METALS LIMITED,Materials
PAR.AX,PAR,PARADIGM BIOPHARMACEUTICALS LIMITED..,"Pharmaceuticals, Biotechnology & Life Sciences"
PAT.AX,PAT,PATRIOT RESOURCES LIMITED,Materials
PBH.AX,PBH,POINTSBET HOLDINGS LIMITED,Consumer Services
PBL.AX,PBL,PARABELLUM RESOURCES LIMITED,Materials
PC2.AX,PC2,PC GOLD LTD,Materials
PCG.AX,PCG,PENGANA CAPITAL GROUP LIMITED,Financial Services
PCK.AX,PCK,PAINCHEK LTD,Health Care Equipment & Services
PCL.AX,PCL,PANCONTINENTAL ENERGY NL,Energy
PDI.AX,PDI,PDI GOLD LIMITED,Materials
PDN.AX,PDN,PALADIN ENERGY LTD,Energy
PEB.AX,PEB,PACIFIC EDGE LIMITED,"Pharmaceuticals, Biotechnology & Life Sciences"
PEC.AX,PEC,PERPETUAL RESOURCES LIMITED,Materials
PEN.AX,PEN,PENINSULA ENERGY LIMITED,Energy
PEQ.AX,PEQ,PRITCHARD EQUITY LIMITED,Class Pend
PER.AX,PER,PERCHERON THERAPEUTICS LIMITED,"Pharmaceuticals, Biotechnology & Life Sciences"
PET.AX,PET,PHOSLOCK ENVIRONMENTAL TECHNOLOGIES LIMITED,Commercial & Professional Services
PFE.AX,PFE,PANTERA MINERALS LIMITED,Materials
PFG.AX,PFG,PRIME FINANCIAL GROUP LIMITED,Financial Services
PFP.AX,PFP,PROPEL FUNERAL PARTNERS LIMITED,Consumer Services
PFT.AX,PFT,PURE FOODS TASMANIA LIMITED,"Food, Beverage & Tobacco"
PGC.AX,PGC,PARAGON CARE LIMITED,Health Care Equipment & Services
PGD.AX,PGD,PEREGRINE GOLD LTD,Materials
PGM.AX,PGM,PLATINA RESOURCES LIMITED,Materials
PGO.AX,PGO,PACGOLD LIMITED,Materials
PGY.AX,PGY,PILOT ENERGY LIMITED,Energy
PH2.AX,PH2,PURE HYDROGEN CORPORATION LIMITED,Energy
PHO.AX,PHO,PHOSCO LTD,Materials
PHX.AX,PHX,PHARMX TECHNOLOGIES LIMITED,Software & Services
PIL.AX,PIL,PEPPERMINT INNOVATION LIMITED,Software & Services
PIM.AX,PIM,PINNACLE MINERALS LIMITED,Materials
PIQ.AX,PIQ,PROTEOMICS INTERNATIONAL LABORATORIES LTD,"Pharmaceuticals, Biotechnology & Life Sciences"
PKD.AX,PKD,PARKD LTD,Commercial & Professional Services
PKO.AX,PKO,PEAKO LIMITED,Materials
PL3.AX,PL3,PATAGONIA LITHIUM LTD,Materials
PLC.AX,PLC,PLC RESOURCES LIMITED,Materials
PLG.AX,PLG,PEARL GULL IRON LIMITED,Materials
PLN.AX,PLN,PIONEER LITHIUM LIMITED,Materials
PLS.AX,PLS,PLS GROUP LIMITED,Materials
PLT.AX,PLT,PLENTI GROUP LIMITED,Financial Services
PLY.AX,PLY,PLAYSIDE STUDIOS LIMITED,Media & Entertainment
PME.AX,PME,PRO MEDICUS LIMITED,Health Care Equipment & Services
PMI.AX,PMI,PEGMONT MINES LIMITED,Class Pend
PMT.AX,PMT,PMET RESOURCES INC.,Materials
PMV.AX,PMV,PREMIER INVESTMENTS LIMITED,Consumer Discretionary Distribution & Retail
PNC.AX,PNC,PIONEER CREDIT LIMITED,Financial Services
PNI.AX,PNI,PINNACLE INVESTMENT MANAGEMENT GROUP LIMITED,Financial Services
PNN.AX,PNN,POWER MINERALS LIMITED,Materials
PNR.AX,PNR,PANTORO GOLD LIMITED,Materials
PNT.AX,PNT,PANTHER METALS LTD,Materials
PNV.AX,PNV,POLYNOVO LIMITED,Health Care Equipment & Services
POD.AX,POD,PODIUM MINERALS LIMITED,Materials
POL.AX,POL,POLYMETALS RESOURCES LTD,Materials
POW.AX,POW,POWERHAUS URANIUM LIMITED,Energy
PPC.AX,PPC,PEET LIMITED,Real Estate Management & Development
PPE.AX,PPE,PEOPLEIN LIMITED,Commercial & Professional Services
PPK.AX,PPK,PPK GROUP LIMITED,Materials
PPL.AX,PPL,PUREPROFILE LTD,Media & Entertainment
PPM.AX,PPM,PEPPER MONEY LIMITED,Financial Services
PPS.AX,PPS,PRAEMIUM LIMITED,Software & Services
PPT.AX,PPT,PERPETUAL LIMITED,Financial Services
PPY.AX,PPY,PAPYRUS AUSTRALIA LIMITED,Materials
PR1.AX,PR1,PURE RESOURCES LIMITED,Materials
PRB.AX,PRB,PARBO RESOURCES LIMITED,Class Pend
PRG.AX,PRG,PRL GLOBAL LTD,Materials
PRL.AX,PRL,PROVINCE RESOURCES LTD,Materials
PRM.AX,PRM,PROMINENCE ENERGY LIMITED,Energy
PRN.AX,PRN,PERENTI LIMITED,Materials
PRO.AX,PRO,PROPHECY INTERNATIONAL HOLDINGS LIMITED,Software & Services
PRS.AX,PRS,PROSPECH LIMITED.,Materials
PRU.AX,PRU,PERSEUS MINING LIMITED,Materials
PRX.AX,PRX,PRODIGY GOLD NL,Materials
PSC.AX,PSC,PROSPECT RESOURCES LIMITED,Materials
PSL.AX,PSL,PATERSON RESOURCES LTD,Materials
PTL.AX,PTL,PRESTAL HOLDINGS LIMITED,Household & Personal Products
PTM.AX,PTM,PLATINUM ASSET MANAGEMENT LIMITED,Financial Services
PTN.AX,PTN,PATRONUS RESOURCES LIMITED,Materials
PTR.AX,PTR,PTR MINERALS LTD,Materials
PTX.AX,PTX,PRESCIENT THERAPEUTICS LIMITED,"Pharmaceuticals, Biotechnology & Life Sciences"
PUA.AX,PUA,PEAK MINERALS LIMITED,Materials
PUR.AX,PUR,PURSUIT MINERALS LTD,Materials
PV1.AX,PV1,PROVARIS ENERGY LTD,Energy
PVE.AX,PVE,PO VALLEY ENERGY LIMITED,Energy
PVL.AX,PVL,POWERHOUSE VENTURES LIMITED,Financial Services
PVT.AX,PVT,PIVOTAL METALS LIMITED,Materials
PWH.AX,PWH,PWR HOLDINGS LIMITED,Automobiles & Components
PWN.AX,PWN,PARKWAY CORPORATE LIMITED,Materials
PWR.AX,PWR,PETER WARREN AUTOMOTIVE HOLDINGS LIMITED,Consumer Discretionary Distribution & Retail
PXA.AX,PXA,PEXA GROUP LIMITED,Real Estate Management & Development
PXX.AX,PXX,POLARX LIMITED,Materials
PYC.AX,PYC,PYC THERAPEUTICS LIMITED,"Pharmaceuticals, Biotechnology & Life Sciences"
QAL.AX,QAL,QUALITAS LIMITED,Real Estate Management & Development
QAN.AX,QAN,QANTAS AIRWAYS LIMITED,Transportation
QBE.AX,QBE,QBE INSURANCE GROUP LIMITED,Insurance
QEM.AX,QEM,QEM LIMITED,Materials
QFE.AX,QFE,QUICKFEE LIMITED,Financial Services
QGL.AX,QGL,QUANTUM GRAPHITE LIMITED,Materials
QML.AX,QML,QMINES LIMITED,Materials
QRI.AX,QRI,QUALITAS REAL ESTATE INCOME FUND,Financial Services
QUE.AX,QUE,QUESTE COMMUNICATIONS LIMITED,Financial Services
QXR.AX,QXR,QX RESOURCES LIMITED,Materials
R8R.AX,R8R,REGENER8 RESOURCES NL,Materials
RAC.AX,RAC,RACURA ONCOLOGY LTD,"Pharmaceuticals, Biotechnology & Life Sciences"
RAD.AX,RAD,RADIOPHARM THERANOSTICS LIMITED,"Pharmaceuticals, Biotechnology & Life Sciences"
RAG.AX,RAG,RAGNAR METALS LIMITED,Materials
RAN.AX,RAN,RANGE INTERNATIONAL LIMITED,Materials
RAP.AX,RAP,RAPTOR METALS LTD,Materials
RAS.AX,RAS,RAGUSA MINERALS LTD,Materials
RAU.AX,RAU,RESOURO STRATEGIC METALS INC.,Materials
RB6.AX,RB6,RUBIX RESOURCES LIMITED,Materials
RBR.AX,RBR,RBR GROUP LIMITED,Materials
RBX.AX,RBX,RESOURCE BASE LIMITED.,Materials
RC1.AX,RC1,REDCASTLE RESOURCES LIMITED,Materials
RCE.AX,RCE,RECCE PHARMACEUTICALS LTD,"Pharmaceuticals, Biotechnology & Life Sciences"
RCL.AX,RCL,READCLOUD LIMITED,Software & Services
RCR.AX,RCR,RINCON RESOURCES LIMITED,Materials
RCT.AX,RCT,REEF CASINO TRUST,Consumer Services
RDM.AX,RDM,RED METAL LIMITED,Materials
RDN.AX,RDN,RAIDEN RESOURCES LIMITED,Materials
RDS.AX,RDS,REDSTONE RESOURCES LIMITED,Materials
RDX.AX,RDX,REDOX LIMITED,Capital Goods
RDY.AX,RDY,READYTECH HOLDINGS LIMITED,Software & Services
REA.AX,REA,REA GROUP LTD,Media & Entertainment
REC.AX,REC,RECHARGE METALS LIMITED,Materials
RED.AX,RED,RED 5 LIMITED,Materials
REE.AX,REE,RAREX LIMITED,Materials
REG.AX,REG,REGIS HEALTHCARE LIMITED,Health Care Equipment & Services
REH.AX,REH,REECE LIMITED,Capital Goods
REM.AX,REM,REMSENSE TECHNOLOGIES LIMITED,Capital Goods
REP.AX,REP,RAM ESSENTIAL SERVICES PROPERTY FUND,Equity Real Estate Investment Trusts (REITs)
REZ.AX,REZ,RESOURCES & ENERGY GROUP LIMITED,Materials
RFF.AX,RFF,RURAL FUNDS GROUP,Equity Real Estate Investment Trusts (REITs)
RFG.AX,RFG,RETAIL FOOD GROUP LIMITED,Consumer Services
RFT.AX,RFT,RECTIFIER TECHNOLOGIES LTD,Capital Goods
RGL.AX,RGL,RIVERSGOLD LIMITED,Materials
RGN.AX,RGN,REGION GROUP,Equity Real Estate Investment Trusts (REITs)
RGT.AX,RGT,ARGENT BIOPHARMA LIMITED,"Pharmaceuticals, Biotechnology & Life Sciences"
RHC.AX,RHC,RAMSAY HEALTH CARE LIMITED,Health Care Equipment & Services
RHI.AX,RHI,RED HILL MINERALS LIMITED,Materials
RHT.AX,RHT,RESONANCE HEALTH LIMITED,Health Care Equipment & Services
RHY.AX,RHY,RHYTHM BIOSCIENCES LIMITED,Health Care Equipment & Services
RIC.AX,RIC,RIDLEY CORPORATION LIMITED,"Food, Beverage & Tobacco"
RIE.AX,RIE,RIEDEL RESOURCES LIMITED,Materials
RIM.AX,RIM,RIMFIRE PACIFIC MINING LIMITED,Materials
RIO.AX,RIO,RIO TINTO LIMITED,Materials
RIV.AX,RIV,RIVCO AUSTRALIA LTD,Utilities
RKB.AX,RKB,ROKEBY RESOURCES LIMITED,Materials
RKN.AX,RKN,RECKON LIMITED,Software & Services
RKT.AX,RKT,ROCKETDNA LTD.,Technology Hardware & Equipment
RLC.AX,RLC,REEDY LAGOON CORPORATION LIMITED,Materials
RLF.AX,RLF,RLF AGTECH LTD,Materials
RLG.AX,RLG,ROOLIFE GROUP LTD,Media & Entertainment
RMC.AX,RMC,RESIMAC GROUP LTD,Financial Services
RMD.AX,RMD,RESMED INC,Health Care Equipment & Services
RMI.AX,RMI,RESOURCE MINERALS INTERNATIONAL LTD,Materials
RML.AX,RML,RESOLUTION MINERALS LTD,Materials
RMS.AX,RMS,RAMELIUS RESOURCES LIMITED,Materials
RMX.AX,RMX,RED MOUNTAIN MINING LIMITED,Materials
RMY.AX,RMY,RMA GLOBAL LIMITED,Media & Entertainment
RND.AX,RND,RAND MINING LIMITED,Materials
RNE.AX,RNE,RENU ENERGY LIMITED,Utilities
RNT.AX,RNT,RENT.COM.AU LIMITED,Media & Entertainment
RNU.AX,RNU,RENASCOR RESOURCES LIMITED,Materials
RNV.AX,RNV,RENERVE LIMITED,Health Care Equipment & Services
RNX.AX,RNX,RENEGADE EXPLORATION LIMITED,Materials
ROC.AX,ROC,ROCKETBOOTS LIMITED,Software & Services
ROG.AX,ROG,RED SKY ENERGY LIMITED.,Energy
RON.AX,RON,RONIN RESOURCES LTD,Materials
RPG.AX,RPG,RAPTIS GROUP LIMITED,Real Estate Management & Development
RPL.AX,RPL,REGAL PARTNERS LIMITED,Financial Services
RPM.AX,RPM,RPM AUTOMOTIVE GROUP LIMITED,Automobiles & Components
RR1.AX,RR1,REACH RESOURCES LIMITED,Materials
RRE.AX,RRE,RIGHT RESOURCES LIMITED,Materials
RRL.AX,RRL,REGIS RESOURCES LIMITED,Materials
RRR.AX,RRR,REVOLVER RESOURCES HOLDINGS LTD,Materials
RSG.AX,RSG,RESOLUTE MINING LIMITED,Materials
RSH.AX,RSH,RESPIRI LIMITED,Health Care Equipment & Services
RTG.AX,RTG,RTG MINING INC.,Materials
RTH.AX,RTH,RAS TECHNOLOGY HOLDINGS LIMITED,Commercial & Professional Services
RTR.AX,RTR,RUMBLE RESOURCES LIMITED,Materials
RVT.AX,RVT,RICHMOND VANADIUM TECHNOLOGY LIMITED,Materials
RWC.AX,RWC,RELIANCE WORLDWIDE CORPORATION LIMITED,Capital Goods
RWD.AX,RWD,REWARD MINERALS LTD,Materials
RWL.AX,RWL,RUBICON WATER LIMITED,Technology Hardware & Equipment
RXL.AX,RXL,ROX RESOURCES LIMITED,Materials
RYM.AX,RYM,RYMAN HEALTHCARE LIMITED,Health Care Equipment & Services
RZI.AX,RZI,RAIZ INVEST LIMITED,Financial Services
S2R.AX,S2R,S2 RESOURCES LTD,Materials
S32.AX,S32,SOUTH32 LIMITED,Materials
S66.AX,S66,STAR COMBO PHARMA LIMITED,Household & Personal Products
S88.AX,S88,SUPER MINERALS LTD,Class Pend
SAN.AX,SAN,SAGALIO ENERGY LIMITED,Energy
SAU.AX,SAU,SIGMA LITHIUM CORPORATION,Materials
SBM.AX,SBM,ST BARBARA LIMITED,Materials
SBR.AX,SBR,SABRE RESOURCES LIMITED,Materials
SCG.AX,SCG,SCENTRE GROUP,Equity Real Estate Investment Trusts (REITs)
SCN.AX,SCN,SCORPION MINERALS LIMITED,Materials
SCW.AX,SCW,SCENTRE GROUP TRUST 1,Equity Real Estate Investment Trusts (REITs)
SCX.AX,SCX,SCX.AI HOLDINGS LIMITED,Software & Services
SDF.AX,SDF,STEADFAST GROUP LIMITED,Insurance
SDR.AX,SDR,SITEMINDER LIMITED,Software & Services
SDV.AX,SDV,SCIDEV LTD,Materials
SEA.AX,SEA,SEA FOREST LIMITED,"Food, Beverage & Tobacco"
SEG.AX,SEG,SPORTS ENTERTAINMENT GROUP LIMITED,Media & Entertainment
SEK.AX,SEK,SEEK LIMITED,Media & Entertainment
SEN.AX,SEN,SENETAS CORPORATION LIMITED,Technology Hardware & Equipment
SEQ.AX,SEQ,SEQUOIA FINANCIAL GROUP LTD,Financial Services
SER.AX,SER,STRATEGIC ENERGY RESOURCES LIMITED,Materials
SES.AX,SES,SECOS GROUP LTD,Materials
SFC.AX,SFC,SCHAFFER CORPORATION LIMITED,Automobiles & Components
SFG.AX,SFG,SEAFARMS GROUP LIMITED,"Food, Beverage & Tobacco"
SFM.AX,SFM,SANTA FE MINERALS LTD,Materials
SFR.AX,SFR,SANDFIRE RESOURCES LIMITED,Materials
SFX.AX,SFX,SHEFFIELD RESOURCES LIMITED,Materials
SGA.AX,SGA,SARYTOGAN GRAPHITE LIMITED,Materials
SGI.AX,SGI,STEALTH GROUP HOLDINGS LTD,Capital Goods
SGL.AX,SGL,RICEGROWERS LIMITED,"Food, Beverage & Tobacco"
SGM.AX,SGM,SIMS LIMITED,Materials
SGP.AX,SGP,STOCKLAND,Equity Real Estate Investment Trusts (REITs)
SGQ.AX,SGQ,ST GEORGE MINING LIMITED,Materials
SGR.AX,SGR,THE STAR ENTERTAINMENT GROUP LIMITED,Consumer Services
SHA.AX,SHA,SHAPE AUSTRALIA CORPORATION LIMITED,Capital Goods
SHE.AX,SHE,STONEHORSE ENERGY LIMITED,Energy
SHG.AX,SHG,SINGULAR HEALTH GROUP LTD,Health Care Equipment & Services
SHJ.AX,SHJ,SHINE JUSTICE LTD,Consumer Services
SHL.AX,SHL,SONIC HEALTHCARE LIMITED,Health Care Equipment & Services
SHM.AX,SHM,SHRIRO HOLDINGS LIMITED,Consumer Durables & Apparel
SHN.AX,SHN,SUNSHINE METALS LIMITED,Materials
SHO.AX,SHO,SPORTSHERO LIMITED,Media & Entertainment
SHP.AX,SHP,SOUTH HARZ POTASH LTD,Materials
SHV.AX,SHV,SELECT HARVESTS LIMITED,"Food, Beverage & Tobacco"
SI6.AX,SI6,SI6 METALS LIMITED,Materials
SIG.AX,SIG,SIGMA HEALTHCARE LIMITED,Health Care Equipment & Services
SIO.AX,SIO,SIMONDS GROUP LIMITED,Consumer Durables & Apparel
SIQ.AX,SIQ,SMARTGROUP CORPORATION LTD,Commercial & Professional Services
SIS.AX,SIS,SIMBLE SOLUTIONS LIMITED,Software & Services
SIV.AX,SIV,SIV CAPITAL LIMITED,Capital Goods
SIX.AX,SIX,SPRINTEX LIMITED,Automobiles & Components
SK1.AX,SK1,SKINKANDY LIMITED,Consumer Discretionary Distribution & Retail
SKC.AX,SKC,SKYCITY ENTERTAINMENT GROUP LIMITED,Consumer Services
SKN.AX,SKN,SKIN ELEMENTS LIMITED,Household & Personal Products
SKO.AX,SKO,SERKO LIMITED,Software & Services
SKS.AX,SKS,SKS TECHNOLOGIES GROUP LIMITED,Capital Goods
SKT.AX,SKT,SKY NETWORK TELEVISION LIMITED.,Media & Entertainment
SKY.AX,SKY,SKY METALS LIMITED,Materials
SLB.AX,SLB,STELAR METALS LIMITED,Materials
SLC.AX,SLC,SUPERLOOP LIMITED,Telecommunication Services
SLD.AX,SLD,"SALUDA MEDICAL, INC.",Health Care Equipment & Services
SLM.AX,SLM,SOLIS MINERALS LIMITED,Materials
SLS.AX,SLS,SOLSTICE MINERALS LIMITED,Materials
SLX.AX,SLX,SILEX SYSTEMS LIMITED,Capital Goods
SLZ.AX,SLZ,SULTAN RESOURCES LTD,Materials
SM1.AX,SM1,SYNLAIT MILK LIMITED,"Food, Beverage & Tobacco"
SMI.AX,SMI,SANTANA MINERALS LIMITED,Materials
SMM.AX,SMM,SOMERSET MINERALS LIMITED,Materials
SMN.AX,SMN,STRUCTURAL MONITORING SYSTEMS PLC,Technology Hardware & Equipment
SMR.AX,SMR,STANMORE RESOURCES LIMITED,Materials
SMS.AX,SMS,STAR MINERALS LIMITED,Materials
SMX.AX,SMX,STRATA MINERALS LIMITED.,Materials
SND.AX,SND,SAUNDERS INTERNATIONAL LIMITED,Capital Goods
SNG.AX,SNG,SIREN GOLD LIMITED,Materials
SNL.AX,SNL,SUPPLY NETWORK LIMITED,Consumer Discretionary Distribution & Retail
SNM.AX,SNM,SENTINEL METALS LIMITED,Materials
SNS.AX,SNS,SENSEN NETWORKS LIMITED,Software & Services
SNT.AX,SNT,SYNTARA LIMITED,"Pharmaceuticals, Biotechnology & Life Sciences"
SNX.AX,SNX,SIERRA NEVADA GOLD INC.,Materials
SNZ.AX,SNZ,SUMMERSET GROUP HOLDINGS LIMITED,Health Care Equipment & Services
SOC.AX,SOC,SOCO CORPORATION LTD,Software & Services
SOL.AX,SOL,WASHINGTON H. SOUL PATTINSON AND COMPANY LIMITED,Financial Services
SOM.AX,SOM,SOMNOMED LIMITED,Health Care Equipment & Services
SOP.AX,SOP,SYNERTEC CORPORATION LIMITED,Commercial & Professional Services
SOR.AX,SOR,STRATEGIC ELEMENTS LIMITED,Financial Services
SOV.AX,SOV,SOVEREIGN CLOUD HOLDINGS LIMITED,Software & Services
SP3.AX,SP3,SPECTUR LIMITED,Technology Hardware & Equipment
SP8.AX,SP8,STREAMPLAY STUDIO LIMITED,Media & Entertainment
SPA.AX,SPA,SPACETALK LTD,Software & Services
SPD.AX,SPD,SOUTHERN PALLADIUM LIMITED,Materials
SPK.AX,SPK,SPARK NEW ZEALAND LIMITED,Telecommunication Services
SPL.AX,SPL,STARPHARMA HOLDINGS LIMITED,"Pharmaceuticals, Biotechnology & Life Sciences"
SPN.AX,SPN,SPARC TECHNOLOGIES LIMITED,Materials
SPQ.AX,SPQ,SUPERIOR RESOURCES LIMITED,Materials
SPX.AX,SPX,SPENDA LIMITED,Software & Services
SPZ.AX,SPZ,SMART PARKING LIMITED,Commercial & Professional Services
SQ2.AX,SQ2,BLOCK INC.,Financial Services
SQX.AX,SQX,SQX RESOURCES LIMITED,Materials
SRG.AX,SRG,SRG GLOBAL LIMITED,Capital Goods
SRH.AX,SRH,SAFEROADS HOLDINGS LIMITED,Transportation
SRI.AX,SRI,SIPA RESOURCES LIMITED,Materials
SRJ.AX,SRJ,SRJ TECHNOLOGIES GROUP PLC,Energy
SRK.AX,SRK,STRIKE RESOURCES LIMITED,Materials
SRL.AX,SRL,SUNRISE ENERGY METALS LIMITED,Materials
SRN.AX,SRN,SUREFIRE RESOURCES NL,Materials
SRR.AX,SRR,SARAMA RESOURCES LTD,Materials
SRV.AX,SRV,SERVCORP LIMITED,Real Estate Management & Development
SRZ.AX,SRZ,STELLAR RESOURCES LIMITED,Materials
SS1.AX,SS1,SUN SILVER LIMITED,Materials
SSG.AX,SSG,SHAVER SHOP GROUP LIMITED,Consumer Discretionary Distribution & Retail
SSH.AX,SSH,SSH GROUP LTD,Energy
SSL.AX,SSL,SIETEL LIMITED,Real Estate Management & Development
SSM.AX,SSM,SERVICE STREAM LIMITED,Capital Goods
SST.AX,SST,STEAMSHIPS TRADING COMPANY LIMITED,Capital Goods
ST1.AX,ST1,SPIRIT TECHNOLOGY SOLUTIONS LTD,Software & Services
STG.AX,STG,STRAKER LIMITED,Media & Entertainment
STH.AX,STH,STEPCHANGE HOLDINGS LIMITED,Software & Services
STK.AX,STK,STRICKLAND METALS LIMITED,Materials
STM.AX,STM,SUNSTONE METALS LTD,Materials
STN.AX,STN,SATURN METALS LIMITED,Materials
STO.AX,STO,SANTOS LIMITED,Energy
STP.AX,STP,STEP ONE CLOTHING LIMITED,Consumer Discretionary Distribution & Retail
STX.AX,STX,STRIKE ENERGY LIMITED,Energy
SUG.AX,SUG,SUGAR TERMINALS LIMITED,Class Pend
SUH.AX,SUH,SOUTHERN HEMISPHERE MINING LIMITED,Materials
SUL.AX,SUL,SUPER RETAIL GROUP LIMITED,Consumer Discretionary Distribution & Retail
SUN.AX,SUN,SUNCORP GROUP LIMITED,Insurance
SUV.AX,SUV,SUVO STRATEGIC MINERALS LIMITED,Materials
SVG.AX,SVG,SAVANNAH GOLDFIELDS LIMITED,Materials
SVL.AX,SVL,SILVER MINES LIMITED,Materials
SVM.AX,SVM,SOVEREIGN METALS LIMITED,Materials
SVR.AX,SVR,SOLVAR LIMITED,Financial Services
SVW.AX,SVW,SEVEN GROUP HOLDINGS LIMITED,Capital Goods
SVY.AX,SVY,STAVELY MINERALS LIMITED,Materials
SW1.AX,SW1,SWIFT NETWORKS GROUP LIMITED,Media & Entertainment
SWP.AX,SWP,SWOOP HOLDINGS LIMITED,Telecommunication Services
SX2.AX,SX2,SOUTHERN CROSS GOLD CONSOLIDATED LTD.,Materials
SXE.AX,SXE,SOUTHERN CROSS ELECTRICAL ENGINEERING LTD,Capital Goods
SXL.AX,SXL,SOUTHERN CROSS MEDIA GROUP LIMITED,Media & Entertainment
SYA.AX,SYA,SAYONA MINING LIMITED,Materials
SYL.AX,SYL,SYMAL GROUP LIMITED,Capital Goods
SYR.AX,SYR,SYRAH RESOURCES LIMITED,Materials
T3D.AX,T3D,333D LIMITED,Commercial & Professional Services
T88.AX,T88,TAITON RESOURCES LIMITED,Materials
T92.AX,T92,TERRA CRITICAL MINERALS LIMITED,Energy
TAH.AX,TAH,TABCORP HOLDINGS LIMITED,Consumer Services
TAL.AX,TAL,TALIUS GROUP LIMITED,Software & Services
TAM.AX,TAM,TANAMI GOLD NL,Materials
TAR.AX,TAR,TARUGA MINERALS LIMITED,Materials
TAS.AX,TAS,TASMAN RESOURCES LTD,Materials
TAT.AX,TAT,TARTANA MINERALS LIMITED,Materials
TBN.AX,TBN,TAMBORAN RESOURCES CORPORATION,Energy
TBR.AX,TBR,TRIBUNE RESOURCES LIMITED,Materials
TCG.AX,TCG,TURACO GOLD LIMITED,Materials
TCL.AX,TCL,TRANSURBAN GROUP,Transportation
TCO.AX,TCO,TRANSMETRO CORPORATION LIMITED,Consumer Services
TD1.AX,TD1,TALI DIGITAL LIMITED,Health Care Equipment & Services
TDO.AX,TDO,3D ENERGI LIMITED,Energy
TEA.AX,TEA,TASMEA LIMITED,Capital Goods
TEE.AX,TEE,TOP END ENERGY LIMITED,Energy
TEM.AX,TEM,TEMPEST MINERALS LIMITED,Materials
TER.AX,TER,TERRACOM LIMITED,Energy
TES.AX,TES,TEST SECURITY,Class Pend
TET.AX,TET,TETRAGON ENERGY LIMITED,Energy
TFL.AX,TFL,TASFOODS LIMITED,"Food, Beverage & Tobacco"
TG1.AX,TG1,TECHGEN METALS LTD,Materials
TG6.AX,TG6,TG METALS LIMITED,Materials
TGH.AX,TGH,TERRAGEN HOLDINGS LIMITED,Materials
TGM.AX,TGM,THETA GOLD MINES LIMITED,Materials
TGN.AX,TGN,TUNGSTEN MINING NL,Materials
THB.AX,THB,THUNDERBIRD RESOURCES LIMITED,Materials
THL.AX,THL,TOURISM HOLDINGS RENTALS LIMITED,Transportation
THR.AX,THR,THOR ENERGY PLC,Materials
TI1.AX,TI1,TOMBADOR IRON LIMITED,Materials
TIA.AX,TIA,TIAN AN AUSTRALIA LIMITED,Real Estate Management & Development
TIO.AX,TIO,TEMAS RESOURCES CORP.,Materials
TIP.AX,TIP,TEAMINVEST PRIVATE GROUP LIMITED,Financial Services
TKL.AX,TKL,TRAKA RESOURCES LIMITED,Materials
TKM.AX,TKM,TREK METALS LIMITED,Materials
TLC.AX,TLC,THE LOTTERY CORPORATION LIMITED,Consumer Services
TLG.AX,TLG,TALGA GROUP LTD,Materials
TLM.AX,TLM,TALISMAN MINING LIMITED,Materials
TLS.AX,TLS,TELSTRA GROUP LIMITED,Telecommunication Services
TLX.AX,TLX,TELIX PHARMACEUTICALS LIMITED,"Pharmaceuticals, Biotechnology & Life Sciences"
TM1.AX,TM1,TERRA METALS LIMITED,Energy
TMB.AX,TMB,TAMBOURAH METALS LTD,Materials
TMG.AX,TMG,TRIGG MINERALS LIMITED,Materials
TMK.AX,TMK,TMK ENERGY LIMITED,Energy
TML.AX,TML,TIMAH RESOURCES LIMITED,Utilities
TMS.AX,TMS,TENNANT MINERALS LIMITED,Materials
TMX.AX,TMX,TERRAIN MINERALS LIMITED,Materials
TNC.AX,TNC,TRUE NORTH COPPER LIMITED,Materials
TNE.AX,TNE,TECHNOLOGY ONE LIMITED,Software & Services
TNY.AX,TNY,TINYBEANS GROUP LTD,Media & Entertainment
TOK.AX,TOK,TOLU MINERALS LIMITED.,Materials
TON.AX,TON,TRITON MINERALS LTD,Materials
TOR.AX,TOR,TORQUE METALS LIMITED..,Materials
TOT.AX,TOT,360 CAPITAL REIT,Equity Real Estate Investment Trusts (REITs)
TOU.AX,TOU,TLOU ENERGY LIMITED,Energy
TPC.AX,TPC,TPC CONSOLIDATED LIMITED,Utilities
TPG.AX,TPG,TPG TELECOM LIMITED.,Telecommunication Services
TPW.AX,TPW,TEMPLE & WEBSTER GROUP LTD,Consumer Discretionary Distribution & Retail
TR2.AX,TR2,TALI RESOURCES LTD,Materials
TRA.AX,TRA,TURNERS AUTOMOTIVE GROUP LIMITED,Consumer Discretionary Distribution & Retail
TRE.AX,TRE,TOUBANI RESOURCES LIMITED,Materials
TRI.AX,TRI,TRIVARX LTD,Health Care Equipment & Services
TRJ.AX,TRJ,TRAJAN GROUP HOLDINGS LIMITED,"Pharmaceuticals, Biotechnology & Life Sciences"
TRM.AX,TRM,TRUSCOTT MINING CORPORATION LIMITED,Materials
TRP.AX,TRP,TISSUE REPAIR LTD,"Pharmaceuticals, Biotechnology & Life Sciences"
TRU.AX,TRU,TRUSCREEN GROUP LIMITED,Health Care Equipment & Services
TSK.AX,TSK,TUSKER MINERALS LTD,Materials
TSL.AX,TSL,TITANIUM SANDS LIMITED,Materials
TSO.AX,TSO,TESORO GOLD LTD,Materials
TTM.AX,TTM,TITAN MINERALS LIMITED,Materials
TTT.AX,TTT,TITOMIC LIMITED,Materials
TTX.AX,TTX,TETRATHERIX LIMITED,"Pharmaceuticals, Biotechnology & Life Sciences"
TUA.AX,TUA,TUAS LIMITED,Telecommunication Services
TVL.AX,TVL,TOUCH VENTURES LIMITED,Financial Services
TVN.AX,TVN,TIVAN LIMITED,Materials
TWD.AX,TWD,TAMAWOOD LIMITED,Consumer Durables & Apparel
TWE.AX,TWE,TREASURY WINE ESTATES LIMITED,"Food, Beverage & Tobacco"
TWL.AX,TWL,TRADE WINDOW HOLDINGS LIMITED,Class Pend
TWR.AX,TWR,TOWER LIMITED,Insurance
TX3.AX,TX3,TRINEX MINERALS LIMITED,Materials
TYP.AX,TYP,TRYPTAMINE THERAPEUTICS LIMITED,"Pharmaceuticals, Biotechnology & Life Sciences"
TYR.AX,TYR,TYRO PAYMENTS LIMITED,Financial Services
TYX.AX,TYX,TYRANNA RESOURCES LIMITED,Materials
TZL.AX,TZL,TZ LIMITED,Technology Hardware & Equipment
TZN.AX,TZN,TERRAMIN AUSTRALIA LIMITED.,Materials
UBN.AX,UBN,URBANISE.COM LIMITED,Software & Services
UCM.AX,UCM,USCOM LIMITED,Health Care Equipment & Services
UM1.AX,UM1,UNITY METALS LIMITED,Materials
UNI.AX,UNI,UNIVERSAL STORE HOLDINGS LIMITED,Consumer Discretionary Distribution & Retail
UNT.AX,UNT,UNITH LTD,Media & Entertainment
UOS.AX,UOS,UNITED OVERSEAS AUSTRALIA LIMITED,Real Estate Management & Development
URF.AX,URF,US MASTERS RESIDENTIAL PROPERTY FUND,Equity Real Estate Investment Trusts (REITs)
USL.AX,USL,UNICO SILVER LIMITED,Materials
USM.AX,USM,UNION STAR METALS LTD,Materials
UVA.AX,UVA,UVRE LIMITED,Materials
VAL.AX,VAL,VALIANT GOLD LIMITED,Materials
VAR.AX,VAR,VARISCAN MINES LIMITED,Materials
VBC.AX,VBC,VERBREC LIMITED,Capital Goods
VBS.AX,VBS,VECTUS BIOSYSTEMS LIMITED,"Pharmaceuticals, Biotechnology & Life Sciences"
VBX.AX,VBX,VBX LIMITED,Materials
VCX.AX,VCX,VICINITY CENTRES,Equity Real Estate Investment Trusts (REITs)
VEA.AX,VEA,VIVA ENERGY GROUP LIMITED,Energy
VEE.AX,VEE,VEEM LTD,Capital Goods
VEN.AX,VEN,VINTAGE ENERGY LTD,Energy
VFX.AX,VFX,VISIONFLEX GROUP LIMITED,Health Care Equipment & Services
VFY.AX,VFY,VITRAFY LIFE SCIENCES LIMITED,"Pharmaceuticals, Biotechnology & Life Sciences"
VGL.AX,VGL,VISTA GROUP INTERNATIONAL LIMITED.,Software & Services
VGN.AX,VGN,VIRGIN AUSTRALIA HOLDINGS LIMITED.,Transportation
VHM.AX,VHM,VHM LIMITED,Materials
VIG.AX,VIG,VICTOR GROUP HOLDINGS LIMITED,Software & Services
VIP.AX,VIP,VIP GLOVES LTD,Health Care Equipment & Services
VIT.AX,VIT,VITURA HEALTH LIMITED,Health Care Equipment & Services
VKA.AX,VKA,VIKING MINES LIMITED,Materials
VLS.AX,VLS,VITA LIFE SCIENCES LIMITED..,"Pharmaceuticals, Biotechnology & Life Sciences"
VMC.AX,VMC,VENUS METALS CORPORATION LIMITED,Materials
VML.AX,VML,VITAL METALS LIMITED,Materials
VMM.AX,VMM,VIRIDIS MINING AND MINERALS LIMITED,Materials
VMT.AX,VMT,VMOTO LIMITED,Automobiles & Components
VNL.AX,VNL,VINYL GROUP LTD,Software & Services
VNT.AX,VNT,VENTIA SERVICES GROUP LIMITED,Capital Goods
VPR.AX,VPR,VOLT GROUP LIMITED,Utilities
VR1.AX,VR1,VECTION TECHNOLOGIES LTD,Software & Services
VR8.AX,VR8,VANADIUM RESOURCES LIMITED,Materials
VRC.AX,VRC,VOLT RESOURCES LIMITED,Materials
VRS.AX,VRS,VERIS LIMITED,Commercial & Professional Services
VRX.AX,VRX,VRX SILICA LIMITED,Materials
VSL.AX,VSL,VULCAN STEEL LIMITED,Materials
VSR.AX,VSR,VOLTAIC STRATEGIC RESOURCES LTD,Energy
VTA.AX,VTA,VITA RESOURCES NL,Materials
VTM.AX,VTM,VICTORY METALS LIMITED,Materials
VTX.AX,VTX,VERTEX MINERALS LIMITED,Materials
VUL.AX,VUL,VULCAN ENERGY RESOURCES LIMITED,Materials
VVA.AX,VVA,VIVA LEISURE LIMITED,Consumer Services
VYS.AX,VYS,VYSARN LIMITED,Materials
W2V.AX,W2V,WAY 2 VAT LTD.,Software & Services
WA1.AX,WA1,WA1 RESOURCES LTD,Materials
WAF.AX,WAF,WEST AFRICAN RESOURCES LIMITED,Materials
WAG.AX,WAG,THE AUSTRALIAN WEALTH ADVISORS GROUP LIMITED,Financial Services
WAT.AX,WAT,WATERCO LIMITED,Consumer Durables & Apparel
WBC.AX,WBC,WESTPAC BANKING CORPORATION,Banks
WBE.AX,WBE,WHITEBARK ENERGY LTD,Energy
WBT.AX,WBT,WEEBIT NANO LTD,Semiconductors & Semiconductor Equipment
WC1.AX,WC1,WEST COBAR METALS LIMITED,Materials
WC8.AX,WC8,WILDCAT RESOURCES LIMITED,Materials
WCN.AX,WCN,WHITE CLIFF MINERALS LIMITED,Materials
WDS.AX,WDS,WOODSIDE ENERGY GROUP LTD,Energy
WEB.AX,WEB,WEBBEDS GROUP LIMITED,Consumer Services
WEC.AX,WEC,WHITE ENERGY COMPANY LIMITED,Energy
WEL.AX,WEL,WINCHESTER ENERGY LTD,Energy
WES.AX,WES,WESFARMERS LIMITED,Consumer Discretionary Distribution & Retail
WGN.AX,WGN,WAGNERS HOLDING COMPANY LIMITED,Materials
WGR.AX,WGR,WESTERN GOLD RESOURCES LIMITED.,Materials
WGX.AX,WGX,WESTGOLD RESOURCES LIMITED.,Materials
WHC.AX,WHC,WHITEHAVEN COAL LIMITED,Energy
WHK.AX,WHK,WHITEHAWK LIMITED,Software & Services
WIA.AX,WIA,WIA GOLD LIMITED,Materials
WIN.AX,WIN,WIN METALS LTD,Materials
WJL.AX,WJL,WEBJET GROUP LIMITED,Consumer Services
WLC.AX,WLC,WHITEROCK LITHIUM CORP.,Materials
WMC.AX,WMC,WILUNA MINING CORPORATION LIMITED,Class Pend
WMG.AX,WMG,WESTERN MINES GROUP LTD,Materials
WML.AX,WML,WOOMERA MINING LIMITED,Materials
WNR.AX,WNR,WINGARA AG LTD,"Food, Beverage & Tobacco"
WNX.AX,WNX,WELLNEX LIFE LIMITED,"Food, Beverage & Tobacco"
WOA.AX,WOA,WIDE OPEN AGRICULTURE LTD,"Food, Beverage & Tobacco"
WOR.AX,WOR,WORLEY LIMITED,Capital Goods
WOT.AX,WOT,WOTSO,Real Estate Management & Development
WOW.AX,WOW,WOOLWORTHS GROUP LIMITED,Consumer Staples Distribution & Retail
WPR.AX,WPR,WAYPOINT REIT,Equity Real Estate Investment Trusts (REITs)
WRK.AX,WRK,WRKR LTD,Software & Services
WRX.AX,WRX,WESTERN RIDGE RESOURCES LIMITED,Materials
WSI.AX,WSI,WESTSTAR INDUSTRIAL LIMITED,Materials
WSR.AX,WSR,WESTAR RESOURCES LIMITED,Materials
WTC.AX,WTC,WISETECH GLOBAL LIMITED,Software & Services
WTL.AX,WTL,WT FINANCIAL GROUP LIMITED,Financial Services
WTM.AX,WTM,WARATAH MINERALS LIMITED,Materials
WTN.AX,WTN,WINTON LAND LIMITED,Real Estate Management & Development
WWG.AX,WWG,WISEWAY GROUP LIMITED,Transportation
WWI.AX,WWI,WEST WITS MINING LIMITED,Materials
WYX.AX,WYX,WESTERN YILGARN NL,Materials
WZR.AX,WZR,WISR LIMITED,Financial Services
X2C.AX,X2C,CHI-X AUSTRALIA 200 MARKET CAPITALISATION PRICE RETURN INDEX,Class Pend
X2M.AX,X2M,X2M CONNECT LIMITED,Technology Hardware & Equipment
XF1.AX,XF1,XREF LIMITED,Software & Services
XGL.AX,XGL,XAMBLE GROUP LIMITED,Media & Entertainment
XPN.AX,XPN,XPON TECHNOLOGIES GROUP LIMITED,Software & Services
XRF.AX,XRF,XRF SCIENTIFIC LIMITED,Capital Goods
XRG.AX,XRG,XREALITY GROUP LTD,Consumer Services
XRO.AX,XRO,XERO LIMITED,Software & Services
XST.AX,XST,XSTATE RESOURCES LIMITED,Energy
YAL.AX,YAL,YANCOAL AUSTRALIA LIMITED,Energy
YAR.AX,YAR,YARI RESOURCES LTD,Materials
YOJ.AX,YOJ,YOJEE LIMITED,Software & Services
YOW.AX,YOW,YOWIE GROUP LTD,"Food, Beverage & Tobacco"
YRL.AX,YRL,YANDAL RESOURCES LIMITED,Materials
ZAG.AX,ZAG,ZULEIKA GOLD LIMITED,Materials
ZEO.AX,ZEO,ZEOTECH LIMITED,Materials
ZEU.AX,ZEU,ZEUS RESOURCES LIMITED,Energy
ZGL.AX,ZGL,ZICOM GROUP LIMITED,Capital Goods
ZIM.AX,ZIM,ZIMPLATS HOLDINGS LIMITED,Materials
ZIP.AX,ZIP,ZIP CO LIMITED..,Financial Services
ZLD.AX,ZLD,ZELIRA THERAPEUTICS LIMITED,"Pharmaceuticals, Biotechnology & Life Sciences"
ZMI.AX,ZMI,ZINC OF IRELAND LIMITED,Materials
ZMM.AX,ZMM,ZIMI LIMITED,Technology Hardware & Equipment
ZNC.AX,ZNC,ZENITH MINERALS LIMITED,Materials
ZNO.AX,ZNO,ZOONO GROUP LIMITED,Materials
